"","R-5_C1D1","R-12_C1D1","R-19_C1D1","R-20_C1D1","R-2_C1D1","R-18_C1D1","R-14_C1D1","R-6_C1D1","R-8_C1D1","R-17_C1D1","R-16_C1D1","R-24_C1D1","R-9_C1D1","R-7_C1D1","R-13_C1D1","R-10_C1D1"
"SPIC",-0.695040122283185,0.00247966442357639,-1.02889590329667,-0.586456124207789,0.93544695341107,-0.800367921453941,1.36536236535006,-1.02889590329667,-0.442410772851679,1.63472278772316,0.413514341393135,0.922585053131102,-0.619445025243466,-1.02889590329667,1.67941236667822,-0.723115856180253
"CDH19",-0.599482216838259,-0.0552532269070432,-0.861587058495837,0.107984474059428,-0.512522541435749,-0.861587058495837,-0.431627179391433,-0.77104957904832,-0.404921186753483,0.507791747319851,2.89021641930751,1.19427635890946,0.742886782865997,-0.588843908919732,0.505305232319288,-0.861587058495837
"BEND4",-0.000140362437043783,0.0611326053543136,-0.6565334142386,-0.49062350873587,0.707318538389993,-1.05882401572974,1.00224936776406,-0.729023152651603,-0.476244871157669,0.361382977862873,2.94287397938946,0.365324776791223,-0.64248879761793,-0.626498423132042,0.298918315878305,-1.05882401572974
"POU4F1",-0.398132963505696,-0.5183241594351,-0.692873749395727,-0.527598059860621,0.0892122124693416,2.76846967393584,0.269396090583506,-0.0590028301298252,-0.365534512031081,-0.0524815633059147,1.74529721796518,-0.295648902564308,-0.819413713072853,-1.00799811701393,0.673753190895384,-0.809119815534201
"CCL25",0.810035260467558,-0.697036497900841,-0.114756347693918,-0.296450477325701,1.57586671939931,-0.172969839664011,2.75975675032223,-1.11541071828777,0.0974323181749186,-0.222850792436875,0.374017019233138,-0.52438484367106,-0.3815411879635,-1.11541071828777,-0.634678478874677,-0.341618165491045
"LOC283710",-0.0301705261323007,-0.738594054929769,-0.837008892092597,-0.836751017748207,2.00081279961408,-0.606848626453738,2.35214083981107,-0.874043623604099,0.664098308910918,-0.360154406619222,0.831118250434922,0.0808870048394696,-0.636350198973688,0.15391260929832,-0.504755227100201,-0.658293239254956
"MIXL1",0.0799130066637277,-0.734610431130158,-0.523826214961213,-0.0819070114962409,1.69913721758276,-0.857552869947144,2.58619329908024,-0.80427818058423,0.805988458516502,-0.512111363799232,0.830434060745183,-0.207800927730858,-0.436210258913526,-0.210516951721427,-0.853565206990412,-0.779286625313981
"PLA2G2D",0.123154770262481,-0.765541999176808,-1.03024876030073,-0.846364443475916,1.9183980554039,-0.880401545180749,2.32737517489315,-0.769953669845614,-0.249854409050474,0.123258895085145,1.05581859514164,0.357698781826881,-0.840108136683719,-0.0447125444599501,-0.156861171063799,-0.321657593375436
"SYT15",2.26563741176495,-1.13841501281054,-1.27011009365627,0.265655793107907,-0.33054339141156,-1.018606043466,1.57250690956216,-0.0837320082265908,-0.683289701472603,-0.0227941718039327,1.18931431948304,0.221303494001129,-0.288860275648464,0.019738716034175,0.359050016345472,-1.05685596180287
"FCRL2",-0.141248161433175,-0.745369935633437,-0.557725905760754,-0.747945848401184,1.8888114567028,-0.426797273567891,2.67581332668344,-0.650919311757614,-0.549266165434032,-0.121552928661123,0.713356640113499,-0.193077576418116,-0.686945649609011,0.580428244707772,-0.445053867380933,-0.592507044150244
"MS4A1",-0.111437689745458,-0.770943450852911,-0.757789862228022,-0.311155525586857,2.12835429446459,-0.930484049986026,2.39673238507674,-0.934007866234948,-0.671146532595644,-0.00105272561386282,0.777366205748742,0.157697681416014,-0.66424625482522,0.22101086996217,-0.253620668653493,-0.275276810345811
"ALK",0.484624175329727,-0.489768773523712,-0.058682864590207,-0.893768429558812,-0.763960587657317,-1.02431600463409,-0.702058719812467,2.01212465107409,-0.241361932562385,-0.197097966271429,-0.257074727760357,-0.0305702714039007,-0.445597983972966,2.5200305731134,-0.601065222313099,0.688544084543516
"ZBED2",0.920084129200794,-0.723876939203906,-0.673336719087885,-0.326715965726994,2.07890079467865,-0.809901126563545,1.0237564409951,-0.985081402677542,0.353444228963273,-0.426164639691232,1.9954208072032,-0.724102263548538,-0.529763853857818,-0.554742109796914,-0.799481520033289,0.181560139146643
"VAX2",-1.11352107850588,0.990489333264669,1.03551129123103,-0.815066126466874,-1.23068263986914,-1.10168664032942,-0.34078523861117,2.10941407244175,0.226464070914126,0.992454524155371,-1.46873049948075,-0.114971617701516,0.618889159742643,-0.0928974938811334,-0.0749131155488989,0.380031998645184
"TRIM71",0.500344949954093,-0.809353856317266,-0.674596121410769,0.303307928864347,-0.490933729237162,-0.0539150133637258,2.48586368884768,-0.916121099307947,-0.550707611944893,-0.701053624843679,2.12492873726134,-0.380482115241767,-0.0498892619136603,-0.126684803875741,-0.874944405423988,0.214236337953131
"AKR1E2",0.858516491478835,-1.20088181958159,-1.25817961992417,-0.200613742178151,1.38796419092051,0.369858139272923,1.48595493425024,-0.76689286923206,1.45443065718443,-0.17238225381571,0.916759223602678,-0.0704995955935023,-0.782615274492959,0.21912962867258,-0.822692206434748,-1.4178558841293
"CNR2",-0.213607091914434,-0.696931301727418,-0.70644707053601,-0.366215356544243,2.04154766746948,-0.413863189785969,2.64920930235,-0.841880456395793,-1.17342537316445,-0.0418366729763229,0.474331799400614,-0.015350220216374,-0.0478228743078636,-0.238382129582878,-0.310527333772122,-0.0987996982962188
"AMN",-0.333151277986798,0.308880158286924,-0.62236454943703,-0.826413705236443,0.832441432404267,-0.938897366345403,-0.308759094534446,-1.17597421855584,-0.466370877839226,1.30188476811976,0.636542676179335,1.98670829898883,-0.388787878029073,-0.849044178000973,1.68227872667154,-0.83897291468542
"BMP6",2.45219667044088,-0.263163026565351,-0.932921287229399,-0.193059418972491,0.97505391816244,-1.32771854060595,1.85440094493291,-0.980697440791158,0.292557033319503,-0.110958011389632,-0.0741887924635926,-0.149974701249613,-0.239488322255349,-0.13346573209513,-0.507220353016117,-0.661352940221945
"CXCR5",-0.130956982414182,-0.64944178644381,-0.394897103377587,-0.507724250724516,2.25338881730006,-1.01825958482836,2.44415266420532,-0.80856769378663,-0.612049082236894,0.00946727895790615,0.620746531003801,-0.0556413400117557,-0.536072894558943,-0.0291207481420145,-0.594675581121973,0.00965175617958826
"CD19",-0.185370778229618,-0.704432917630125,-0.564610364696428,-0.691158752716878,2.14011533873244,-0.770830913020311,2.55342375990032,-0.671817013763256,0.104060208162161,-0.192890297636557,0.73892568695842,-0.0573171902231413,-0.373802945386968,-0.0732951548208581,-0.590783203877957,-0.660215461751241
"PPARGC1A",0.706305269428304,0.127096880626259,-0.898137342254111,-0.426875706681358,0.568626757017961,-1.06467668466434,-0.496001574170063,-0.840074659581566,-0.921235443548742,1.63612819445569,1.38983921514645,0.593492454756492,-0.625333288851743,-0.550083524671324,1.86053933389473,-1.05960988090264
"KCNJ10",0.594925271989795,-0.558444412883299,-0.808318702328034,-0.880084164262639,1.4983566272609,-1.0723819446033,2.32814266042843,-0.80677062763046,-0.563181302491298,0.875510928502753,-0.134197654068073,0.77402576319808,-1.01714059889223,-0.338423409623389,0.594509477142949,-0.486527911740197
"HIST1H4D",0.363190229671391,-1.52665723463545,-1.07220170970804,-0.418668005948891,0.802231116163476,0.930328351237785,1.05107288142899,-1.71317327127613,1.02807133796496,0.881316391550692,1.60162851359436,-0.260113713347086,-0.3393967282574,-0.503261880081467,0.0822528213968908,-0.906619099754087
"GPR114",-0.36860010545691,-1.05592869029406,-1.19690012698125,-0.977599016542194,1.64543666552359,0.883721360260866,2.23607783930185,-0.785736546960913,0.579352889344763,-0.202147017543565,0.394674480137694,0.688915890170039,-0.670080853773534,-0.138210958658224,-0.165410164726525,-0.867565643801611
"FCRL3",0.245424306110711,-0.825528310794637,-0.974887057400103,-0.669730928606406,1.82607012391659,-0.503379745049615,2.57949534484367,-1.05390323125514,-0.317788800507658,-0.0514548796235123,0.497578130630064,0.125123237239024,-0.748274480987125,-0.440036173273453,-0.255461373719936,0.56675383847752
"CXCL9",0.56884532254503,-1.10150684510835,-1.00965810268202,-1.07765844644434,2.10728296519292,-0.0619135513814948,1.99597774974985,-1.011986073958,0.858974591045042,-0.313778267737455,0.036780838511619,0.191688586382603,-0.220889263159322,-0.892507743101642,-0.266820888039819,0.197169128185373
"ALCAM",0.496431617042766,1.00295775261485,0.882803164680455,0.0455547756561882,-1.3850203078224,-0.747400226922563,-1.6672351589634,1.47440759959447,-0.784715075369416,-0.806931458557822,-0.488060786876806,-0.0930323168558194,-0.160216092649518,1.76846218825639,-0.386317171459792,0.848311497632422
"GHR",-1.02763221836597,0.732149405039428,0.139126567492841,0.466503336692074,-1.35307051283185,-0.682208062330059,-1.28672401110214,-0.332577910790154,-0.0598387271253144,1.68801322752958,-1.14571262681399,1.25881124948778,0.117844186711268,-0.229634818406368,1.81170107803351,-0.0967501632206266
"MORN3",1.1076940563335,-0.162171869217078,-0.83976615374446,1.01737036260832,-0.706269034843756,-0.379702812969656,2.43739790160727,-1.5561631927642,-0.191190420136987,0.195193569598092,0.444215511470221,0.648088693223373,-0.643582284039856,-1.14326819007328,0.416031647724771,-0.643877784776286
"KLRC2",-0.225735637594382,-0.863866009772421,-0.489016418273577,-0.376133946208222,1.77233589510337,2.89343273591363,0.564463838946252,-0.601405797573869,0.269133435378819,-0.648869442735966,-0.469419372663407,-0.272506158838553,-0.0820284200690562,-0.664788427867298,-0.219105802202519,-0.586490471542797
"CCND2",-0.411235471678807,-0.834897721163008,-0.799504979802053,-0.010192538700237,1.24463675428006,-0.848785660413128,1.33736188478288,-1.09603628936931,0.284124896866266,-0.444998999378027,2.54918767223213,0.0658088474578821,0.0496173123530873,0.455078585705986,-0.940490325053402,-0.59967396812033
"KCNS3",0.0514116768183802,0.801378145056978,-0.0625230736159839,-0.328851801435006,-1.84762642333214,-0.229295033585326,-2.3285354151564,1.48645830352799,0.378193037907204,-0.163414560586822,-0.650696546040503,0.247473364440655,0.519590047135339,1.38576763964272,0.484695640411581,0.255974998811337
"MIR378I",-0.547438307046808,-0.791043829148028,-0.525551693137397,-0.572121187604085,1.69185951546255,0.679502681795635,2.78843280411762,-0.283174693507029,-0.325767990659537,-0.269739241204472,0.733319981278128,-0.379144508955763,-0.860122531781973,-0.207879579140303,-0.629710742168121,-0.501420678300424
"BAIAP2L2",1.77306813571343,0.360256530236606,-0.274624478153129,-1.19405589201838,1.19367308675958,1.78086680224072,-0.131523444960223,-0.976902810745237,-1.25857766105199,-0.0287113075758409,1.12947027861802,0.159903021426731,-0.595619283301289,-0.942406856326192,-0.368101656101051,-0.62671446476173
"ADORA3",-1.34736556522129,0.45924707408505,0.304945223180051,-0.558277126154775,-0.684184981280951,-1.09381860308615,-1.11303349672111,0.3130178729639,-0.952248409550957,0.0902215045586974,-0.449402265147526,0.819608942081258,0.727015269585382,2.61223148568048,0.283560108609555,0.588482966418399
"BLK",-0.658718785901775,-0.890760045790157,-0.726900165471723,-0.526755730755513,1.71272014763522,-0.553696698281481,2.49871653290578,-1.01501278836086,-0.399573655357057,0.758855769068588,0.619247631709352,0.0684003700659427,-0.681961423169551,0.513932978920163,0.0542575957507089,-0.772751732967635
"TNFRSF13C",-0.452352956821794,-0.945559571066164,-0.419384353444541,-0.489665397640528,1.77682745094074,1.09862110682738,2.52727976122847,-0.284986232493271,-0.345074974422242,-0.221018012614679,0.633908381184086,-0.722674560897388,-1.01763538497455,-0.371632625332122,-0.599658723817248,-0.166993906656153
"TPTE2",0.510216813228145,-1.26089204359038,-0.838124357411735,-0.507712885834671,1.88927543437361,0.873954157854547,2.24937286442678,-0.624061787921907,0.511801225614248,-0.648024762309383,0.0927707534997021,-0.274780909299904,-0.888648895756104,0.167976427772194,-0.764869376901025,-0.488252657744113
"HMSD",-1.16568783940486,-0.401309616985937,-1.13375206366991,-0.376483653367897,1.30226736290933,-0.302739529123304,1.73945582957553,-1.23520640172082,-0.207749560059097,1.41407585425343,1.20786437789377,0.775493882082792,-0.507635271873644,-0.939937872603507,0.392903429014717,-0.561558926920583
"ACN9",0.461611569309912,-0.197836379279031,-1.83009912494434,-0.124671430389162,0.630237636595566,0.235315237750436,0.407451658016962,-1.75174178817508,0.283203275741011,0.94697412023854,2.12746706725187,0.399954042549914,-1.35701827199823,-0.0103816043643879,0.178582188347208,-0.399048196651186
"HIST1H4L",0.485985325256991,-0.856087609298146,-0.838209222299277,-0.564699896061098,1.62195275710343,-1.02662200642403,0.613257296272821,-0.647180573627728,0.676707215174045,0.569166977720276,2.39859534526476,-0.462498465746334,-0.787146985891121,0.284204746416961,-0.690399088171438,-0.77702581569011
"MGAT3",-0.729430184158854,-1.08340765653491,-0.524526400133583,-0.261140676092084,0.776703428501293,1.06654603405601,1.68784419067449,-1.18421446592501,0.0885986955430839,0.153429081716082,1.9523942417341,-0.324721910741576,0.133015794364554,-0.0395871149137365,-1.7293380961816,0.0178350380917258
"CD27",0.286231899300439,-0.808066078304578,-0.715785609385407,-0.848143624875464,1.60001791316608,-0.690440592526857,2.70036378842295,-0.972444510155262,0.24238180065074,-0.0670674758127098,0.706135430375692,-0.100482481345036,-0.86472529012783,0.267647548974081,-0.588150901760336,-0.147471816596492
"KLRC3",0.142125628633912,-0.813480659714839,-0.674702747557355,0.0747067794725149,1.07189648103801,3.2717383895445,0.322266793384548,-0.827939147948458,-0.260296850858666,-0.431728036677082,-0.251122507967985,-0.289781375736198,0.127176985184582,-0.718885469668396,-0.422264966361966,-0.319709294767129
"TAF7L",0.111880242770246,0.365691053364079,-0.935452232603151,-0.0643913991748564,0.809911599387748,-1.26072163500654,1.5984133612212,-0.819662073095375,0.015026099825239,-0.412972617982095,2.4818702887732,-0.166614096411271,-0.212664311020944,-1.02086225157343,0.439747747694023,-0.929199776168058
"NINL",0.952977858421549,-0.434255234898155,-1.42235692742802,-0.249687249812587,0.12642780407894,1.71049304862176,0.347621759459858,-2.03689472519468,0.854319671942186,0.262272094798012,1.09322674880215,0.240884242043226,-0.125567745888846,-0.758310603646499,0.669739095413786,-1.23088983671267
"TREM2",-0.649256178210865,0.311541662136104,0.294204153338701,-0.683566674645535,-0.475957561765314,-0.654246849760804,-0.705731358205818,0.562094204627049,-0.982925317395539,0.115479096726748,-0.498177004713809,-0.205777411655755,0.301838341245627,3.30726885261472,-0.300524215162664,0.263736260827155
"TCF7",0.589437277596049,-0.663393335775441,-2.40212260742399,-0.0540465994111316,0.865977447677529,1.5246756529117,1.11479935155068,-0.842543167736358,-0.432589294989903,0.576597417963634,0.846683243303625,0.322318801839808,-0.894105553697282,-0.747156239688498,0.687232982945145,-0.49176537706559
"MMP25",-0.576398337455733,0.0532639809037201,-1.14736391298959,0.42637504983059,1.38361020926072,0.601814905397828,1.84288197985215,-1.45943018047968,0.0646960785024065,-0.143581911903827,-0.488989327337846,-0.16090905026874,1.80361819843156,-0.381290920167553,-1.01557412315476,-0.802722638421254
"HSH2D",0.544825152528008,0.574181073432355,-0.127892232047531,-0.580370900520072,1.19289106933262,1.44741141352799,1.91824019743924,-1.60456833272844,-0.148384966799862,-1.44310724273191,-0.446164010611377,-0.0398878427328367,-0.766004230468076,-1.09150068680599,0.253419032147672,0.316912507038204
"DRICH1",-0.553095023065074,-1.32755823608835,-0.609065276092283,0.439850584287132,0.110587275144889,1.04633807871732,1.34878652509548,-1.28130395860141,1.00245293502043,0.0389180673226437,2.21374706205985,0.00317372138287927,-0.285707024133465,-0.323852256217858,-0.764249913775175,-1.05902256105701
"HIST1H3I",0.898322176226793,-1.61953734768348,-0.348672785663192,-0.661225493803758,1.38708272039984,0.0246051834370147,0.780912795399447,-1.37785237215389,0.699660896101637,0.280548393048521,2.02756620957901,-1.05079442556203,-0.745974124603988,0.149484136131884,-0.464493459952759,0.0203674990989474
"SEPT1",-0.690974811938926,-0.269045697634082,-0.93823023204765,-0.646432253094842,1.81886778765289,-0.0385490673326314,2.48134452520645,-1.27927074975048,0.280689259539671,-0.206919556057922,0.617854695722199,0.53651087039374,-0.455809376047051,0.19120832748879,-0.575338314932501,-0.825905407167669
"SYPL2",-0.927404162595206,0.660600509049971,-0.453788573023351,-0.567265227685213,-0.935862410751276,-0.837308162736683,-0.849608831583457,0.339075541898304,-0.622078606535433,1.70931897361681,-0.864842182712499,1.26022662500572,0.0461009816164263,0.640084025919658,2.06547228964679,-0.662720789130557
"FAM78B",-0.701685259405798,-0.569440107489417,-0.128299579880065,0.0701595116388966,-1.35905386733439,0.140552310886812,-0.797059842306468,1.7899987123481,-0.700692928137071,-0.440801996764647,-1.18797038687031,1.04921055348132,0.343321263238032,1.87812709316001,-0.53725398381441,1.15088850724939
"ZNF91",-0.862530442202351,0.940333706958574,1.42243421081887,0.570225089956812,-0.610486480942119,-1.0606043872476,-0.143963833268711,1.75122308055927,0.0266437960815544,-1.03526090711217,-2.00022557889274,-0.738381677413729,0.523222982765226,0.464144615862446,0.529587999643245,0.223637824433398
"PLCXD2",-0.708265815581308,-0.540069196758695,0.374229274120209,-0.491904323224515,1.406294882684,-1.42647520242416,2.02782621094884,-1.62899396177692,-0.293017920627904,-0.0402519575855315,1.57318817325203,0.216179437465447,-0.298760174639364,0.24182114089331,0.114108197611677,-0.525908764357117
"SUPT5H",-0.0344144032568338,-1.00535889388458,0.229435013612239,-0.479115541227516,2.29986601284231,0.328816609089193,2.24644564227094,-0.637100397805486,-0.448065580302442,-0.565412582424608,0.852682420807205,-0.548331485099469,-0.537418945271985,-0.747530499055067,-0.429209272203099,-0.525288098090787
"MRPS12",-0.269956956969301,0.185194518015785,0.285998031847507,-0.221928761966831,2.22096996370456,-0.52454556055104,2.2111803910709,-0.749863306267201,-0.496949371950164,-0.132344004733893,1.06547527750507,-0.836674565907798,-0.979192222966718,-0.67747356945357,-0.569144625005291,-0.510745236371998
"FFAR4",-0.896314336124835,0.120540319592255,-0.38525311002655,-0.0345471204151948,-0.754626120684273,-1.23517134539191,-1.03426222589791,0.322444009544858,0.0330218927263439,-0.270997012012614,0.598559475246635,0.269627067971356,-0.297354642322226,3.09679285930432,0.718721208605999,-0.25118092011625
"HSPA14",1.89857138688499,-0.263905131094273,-0.857297396480944,-1.02639480192655,0.875811943874835,0.871857330829019,1.79300788573099,-0.142179929171186,0.785778684124956,-0.941312768299941,0.493909615696925,-1.14609355912267,-0.476914614118311,-1.01004229898983,-0.652225955036844,-0.202570392901153
"ACTN4",0.361860187502725,-1.18258738407249,0.0686160572300481,-0.353139939832086,2.37706613021924,0.664925217288747,1.92818394516212,-0.153826854546613,-0.891475232891771,-0.0972459283820954,0.258563226500148,-0.463680918059997,-0.93959011704065,-1.04126115807174,-0.661931186503164,0.125523955497579
"ADAMTSL1",-2.11826131363296,-0.472634812732112,0.527018867205505,1.16700688305726,-0.40453910175711,-1.04590950861316,-0.83095257843712,0.123796500081048,2.23562421896897,0.145143566707617,-0.626222483995536,0.157409835216534,0.784785127131441,0.548994994444444,-0.492465612971475,0.301205419326643
"FAM135A",0.0914115976100278,0.385224721346441,-1.47498471032566,0.788694302329236,1.37264159707038,0.289157971086687,-0.0831690150072625,-1.44903821235884,0.417200365517459,0.383525086210096,1.68962692112201,-0.277399470028757,-0.965216966424428,0.816218851928978,-0.232824960458212,-1.75106807961814
"ITGB5",-1.03577959595337,0.350851815849013,1.304374483675,0.179876294265686,-0.02914942651987,-1.89535985807653,-1.36777513393876,-0.581339642442126,-0.149672739680703,-0.273351739395827,-1.12134220624484,0.718468067788481,1.38983521436804,1.32045446215436,0.679806196433913,0.510103807717536
"C12orf5",-0.20151689992355,-0.105032420528902,-0.355339203795463,-0.267347839661637,0.0483864474910369,-0.665879348400688,1.15506181197887,-1.36193323171429,-0.184860601061974,-0.463716840862382,3.03435468045809,-0.480830836011013,-0.122402613743129,0.960575491365556,-0.473815676857823,-0.515702918732704
"TBCB",0.71754324271224,-0.0292433411463209,0.463096867612913,-0.108902233758305,1.91766878056327,0.913313397730143,1.87507326278684,-0.154274726526423,-0.776162119857884,-0.394443911389946,0.607752175630239,-1.05043089250342,-1.08785616900139,-0.999445681424906,-0.963127734050836,-0.930560917376196
"PRPF18",1.61784260291056,-0.880853658089661,-0.99934262111642,-0.386237534182602,0.959186034593864,0.470823146295008,2.18865558616972,-0.325192260110181,1.16049553619006,-0.928624788571864,-0.0173696743243169,-0.598024295779405,-0.121780772497513,-1.0166975173194,-0.265484727763333,-0.857395056404541
"TIMM50",-0.995498460235457,-0.258575272311775,0.440061195462142,0.0347719263034574,1.93187461159371,0.067989416165467,2.50549299349842,-0.968211579281627,-0.665624457266234,-0.519216162228478,0.775583918352851,-0.302070708776345,-0.683185680141083,-0.881484419447099,-0.363987326739291,-0.117919994948641
"MICA",-1.56419751440769,0.265311311663653,0.449708913741433,-0.14132686945877,-0.779488344614629,-1.30821210494697,-2.07839977104542,1.32328049386265,-0.0147633177539435,0.345723976165327,-0.0368747511792598,0.326729808430855,0.88148797924554,0.987696384669336,1.37457264415693,-0.031248838529052
"DCLRE1C",1.59146418811131,-1.22833735075741,-1.01176465128674,-0.697645179773676,1.33509006277676,1.39436102221562,0.80681871405122,0.35058544185159,1.06134796240791,-1.12518322091882,0.527277259080784,-0.875142513404535,-0.202375699160771,-0.366372133578735,-1.02389344603804,-0.536230455576461
"LDLRAD4",-0.105038799528858,0.935754302948451,0.028013553879219,-0.437866918546058,-1.90451601971909,0.619426816932336,-1.16644993369396,1.54755962740568,-1.32645513228541,0.402309991340373,-1.09684663045502,1.6406155326774,0.0840958690660793,0.0910791223276709,0.551661421025343,0.136657196625845
"TCEAL4",-0.887460198900909,0.985927855226035,0.309242432560832,1.00440571511654,-1.4492288638569,-0.877016293364038,-1.54150665712061,0.562739448493144,1.02558722395502,-0.114322757821273,-1.4015789393457,1.05883539029818,-0.733149630357147,0.191379191300127,0.700996691095647,1.16514939272106
"GNB1L",0.604152159799028,-0.865197284907299,0.332454074281899,-0.875970458052426,1.45884976453385,1.49424854344835,1.45617228276589,0.329331196345,-0.762909696667816,-0.875699430275438,1.28058209800489,-0.881521933296145,-1.36063185164758,-0.273700518583837,-0.816971561706303,-0.243187384042087
