,B.cells.naive,B.cells.memory,Plasma.cells,T.cells.CD8,T.cells.CD4.naive,T.cells.CD4.memory.resting,T.cells.CD4.memory.activated,T.cells.follicular.helper,T.cells.regulatory..Tregs.,T.cells.gamma.delta,NK.cells.resting,NK.cells.activated,Monocytes,Macrophages.M0,Macrophages.M1,Macrophages.M2,Dendritic.cells.resting,Dendritic.cells.activated,Mast.cells.resting,Mast.cells.activated,Eosinophils,Neutrophils,P.value,Correlation,RMSE
R-2_Baseline,0.028780995,0.076647527,0.026495248,0,0,0.1797048,0.010112269,0.050952125,0.011594029,0,0.052286511,0.04034773,0.005934509,0.229649093,0.097738719,0.129488597,0,0,0.060267849,0,0,0,0,0.735596334,0.740924211
R-2_C1D1,0.029021391,0.092053684,0.007860506,0,0,0.193890187,0.025709353,0.064260666,0.013646414,0,0.09093796,0,0.009464624,0.215514297,0.11762149,0.104392556,0,0,0.035626872,0,0,0,0,0.752893138,0.72891485
R-2_Week_8,0.14704021,0.175513301,0,0,0,0.167636976,0.047001247,0.079103282,0.031185358,0.037053598,0.029703241,0,9.61E-05,0.095769201,0.079667404,0.096817228,0,0,0.013412865,0,0,0,0,0.739457009,0.738023649
R-14_Baseline,0.116929474,0.181419203,0,0.007750995,0,0.160101555,0.01039383,0.10319401,0.011509422,0,0.016373734,0.014023762,0.032018374,0.169977551,0.076148421,0.074629346,0,0,0.025530323,0,0,0,0,0.782355165,0.715122195
R-14_C1D1,0.045018893,0.147812807,0.063947403,0,0,0.115109434,0.025554335,0.059704713,0.006481811,0,0.019814477,0.00357534,0.04663584,0.232473494,0.091650204,0.105760785,0,0,0.036460465,0,0,0,0,0.798498767,0.709501747
R-6_Baseline,0.050749957,0,0.002177493,0,0,0.106302969,0,0.068761229,0.02255073,0,0.019713122,0.014276781,0.063890311,0.202394639,0.043446902,0.362134071,0,0,0.043601797,0,0,0,0,0.454774637,0.890422062
R-6_C1D1,0.039663991,0,0.001327355,0,0,0.129356071,0,0.080602965,0.007008429,0,0.035040968,0.006943589,0.094033168,0.105063929,0.046249416,0.392475597,0,0.009261643,0.05297288,0,0,0,0,0.378723941,0.927610157
R-6_Week_8,0.007363745,0,0.002152938,0.033022983,0,0.145349122,0.026978827,0.073991638,0.025204566,0,0.050165113,0,0.024920926,0.153258508,0.088193326,0.333909464,0,0,0.035488845,0,0,0,0,0.534482474,0.84818816
R-9_Baseline,0.009387871,0,0.009236405,0.003737507,0,0.229685611,0,0.024606147,0.005825596,0,0.012295427,0.028110909,0.047847123,0.218889313,0.030568618,0.235480753,0,0,0.144328721,0,0,0,0,0.722748505,0.745073507
R-9_C1D1,0.059996284,0,0.006280898,0,0,0.166727657,0.005646289,0.050530281,0.007082084,0,0.053169444,0,0.01514263,0.365103739,0.032270847,0.153141782,0,0.008121757,0.076786309,0,0,0,0,0.793084643,0.68064063
R-7_C1D1,0.005396534,0.021471466,0.000409026,0.016983094,0,0.144433663,0.004438038,0.010666943,0.005196751,0,0.00583823,0.01535329,0.017160207,0.294546151,0.007553637,0.318634632,0.013947977,0.010280474,0.107689888,0,0,0,0,0.752304926,0.702185922
R-20_Baseline,0.009037374,0.004785197,0,0,0,0.132258924,0,0.015348126,0.00435121,0,0.014612426,0.02076797,0.057552011,0.084940475,0.034375263,0.208301524,0,0.033256364,0.379852564,0,0,0.000560572,0,0.716538573,0.736250235
R-20_C1D1,0.025028413,0.004587526,0,0,0.020810657,0.127795103,0,0.0001502,0.014039475,0,0.009887286,0.024132851,0.039675773,0.044842403,0.011749761,0.246168982,0.049103606,0.027237993,0.354789969,0,0,0,0,0.705084192,0.749562075
R-8_Baseline,0.009283337,0,0.062870552,0,0,0.176257291,0.003907139,0.054814391,0.013952528,0,0.009093632,0.031828,0.067756739,0.282026152,0.051709412,0.146773123,0,0.04786283,0.041864874,0,0,0,0,0.666210953,0.776326196
R-8_C1D1,0.049478676,0,0.058750809,0,0,0.167580292,0.009203232,0.054279336,0.020902583,0,0.034181094,0.013909904,0.047530812,0.209274343,0.07245672,0.13536391,0.002518222,0.035911637,0.08865843,0,0,0,0,0.545402729,0.848856567
R-24_Baseline,0.006763341,0.027197543,0.004311696,0,0,0.176849866,0,0.039828415,0.031436527,0,0.020079818,0.021089924,0.091732485,0.151810086,0.050381241,0.227103652,0.01206846,0,0.139346946,0,0,0,0,0.568103445,0.837146556
R-24_C1D1,0.002897698,0.020776632,0.01763629,0,0,0.191524246,0,0.023753296,0.006330272,0,0.011300971,0.030338093,0.075780761,0.140912573,0.048778883,0.226686721,0,0,0.203283563,0,0,0,0,0.653888794,0.79210388
R-13_C1D1,0,0.017504445,0,0.000958344,0,0.210948731,0,0.00617997,0.018485704,0,0.027697022,0.010911289,0.111268472,0.095040584,0.048646849,0.39020504,0,0,0.062153549,0,0,0,0,0.377692087,0.928491466
R-13_Week_8,0.068437935,0,0.016595699,0,0,0.207431075,0,0.111791192,0,0,0,0.019760963,0.076405476,0.072747139,0.046674314,0.313119195,0,0,0.067037012,0,0,0,0,0.372838528,0.928126073
R-10_Baseline,0.021076609,0,0,0.000394056,0,0.118416868,0,0.076887466,0.018743769,0,0.018969991,0.015051562,0.083525876,0.148543363,0.022260449,0.302325169,0,0.084865849,0.088938975,0,0,0,0.002,0.281125388,0.971314871
R-10_C1D1,0.009960536,0.009341563,0,0,0,0.208605903,0.028567549,0.052503626,0.00389824,0,0.039978948,0,0.017292743,0.235710389,0.03519805,0.285972516,0,0.033039276,0.034035231,0,0.00589543,0,0,0.662713966,0.773937918
R-10_Week_8,0.001383754,0.042135023,0.000981188,0.104207331,0,0.158842145,0.004484982,0.069448026,0.033727336,0.014465104,0.025741695,0.01469631,0.021079424,0.098990597,0.047772234,0.283624798,0,0,0.078420054,0,0,0,0,0.749267613,0.738418417
R-12_Baseline,0.030529811,0,0.008231378,0,0,0.135466645,0.012763478,0.024972978,0.017348791,0,0.018228347,0,0.073069885,0.18922701,0.023572975,0.38246435,0,0,0.078387121,0,0,0.00573723,0,0.539812182,0.843943012
R-12_C1D1,0.062927221,0,0.019436095,0,0,0.111906299,0,0.045797087,0.001021978,0,0,0.012214891,0.060067814,0.23532648,0.035348338,0.331754591,0,0,0.075326124,0,0,0.008873082,0,0.423311731,0.907445719
R-19_C1D1,0.052271923,0,0.009091533,0,0,0.110329291,0,0.074142729,0.019817617,0,0.034594852,1.32E-05,0.058163781,0.261638435,0.052162241,0.260596863,0,0,0.051117008,0,0.010357472,0.005703085,0,0.60723361,0.806261153
R-17_Baseline,0.004547791,0.021226204,0,0,0,0.220993882,0,0.014005416,0,0,0.039957993,0.005771584,0.069470356,0.24115228,0.023895658,0.279416312,0.009383892,0.013426753,0.056751879,0,0,0,0,0.476150783,0.879169467
R-17_C1D1,0.004038724,0.027993343,0,0.004681122,0,0.207546701,0,0.017036893,0,0,0.049086812,0,0.061215477,0.239861989,0.049121264,0.248119723,0.014019595,0,0.077278358,0,0,0,0,0.549660435,0.840153549
R-23_Week_8,0.018298596,0,0.040143073,0.000898989,0.001904337,0.061148362,0,0.020345359,0.002621485,0,0.037392938,0,0.107120575,0.227123671,0.021597421,0.347307801,0,0,0.101249164,0,0,0.01284823,0,0.532337513,0.847290984
R-16_C1D1,0.027046301,0.06063543,0.030134744,0.034868105,0.001247171,0.132870872,0.006667069,0.031261486,0.026266859,0,0.048007943,0,0.108529847,0.218177091,0.03595418,0.181251235,0,0.008053368,0.049028299,0,0,0,0,0.586650361,0.826699632
R-16_Week_8,0.013289449,0.019345028,0,0.034173252,0,0.162432596,0.003975427,0.065181078,0.027483238,0,0.026605396,0.024838685,0.062143395,0.240991321,0.035851313,0.213199426,0,0,0.070490396,0,0,0,0,0.838680571,0.671347425
R-4_Baseline,0.050726863,0,0.007969007,0,0,0.145937272,0.006409302,0.025624268,0.027602166,0,0.046716867,0,0.026458877,0.297872265,0.030292994,0.219853552,0,0,0.10296455,0.010874664,0,0.000697353,0,0.761270747,0.710662195
R-4_Week_8,0.014882207,0,0.00647035,0,0,0.225226358,0.056356445,0.077583715,0.010266348,0.004042495,0.008744222,0.060102452,0.045996669,0.137532888,0.141590063,0.142622311,0.010477261,0,0.058106216,0,0,0,0,0.754953128,0.725056205
R-18_Baseline,0.061803229,0,0.018934305,0.015323046,0,0.067934798,0,0.021770064,0.020110972,0,0.027459116,0.001494539,0.003593491,0.324205497,0.051728985,0.279323981,0,0,0.106317977,0,0,0,0,0.74564681,0.707142867
R-18_C1D1,0,0.010359146,0.02227251,0.022498903,0,0.095576638,0,0.113100299,0.006292207,0,0.062293567,0.004358638,0.033802622,0.354348156,0.052910332,0.133139029,0,0,0.089047952,0,0,0,0,0.673613177,0.763489971
R-5_Baseline,0.002488574,0,0.003764176,0,0,0.151648862,0.003653079,0.039046023,0.058966432,0,0.040201725,0,0,0.514319965,0.041173128,0.136116379,0,0,0.008621657,0,0,0,0,0.807399183,0.626323221
R-5_C1D1,0.016699716,0,0.012473868,0,0,0.209585195,0.047128358,0.099125438,0.007448512,0,0.055400055,0.009739927,0.007135878,0.23210146,0.05152437,0.113700829,0,0.106699918,0.031236475,0,0,0,0,0.498013974,0.868273179
R-15_Baseline,0.053273653,0,0,0.010815362,0,0.106291214,0,0.034198684,0.048670185,0,0.00332836,0.016266592,0.015629048,0.289213461,0.011345638,0.214941044,0,0,0.196026759,0,0,0,0,0.524332826,0.853002811
