"","R-10_Baseline","R-10_C1D1","R-10_Week_8","R-12_Baseline","R-12_C1D1","R-13_C1D1","R-13_Week_8","R-14_Baseline","R-14_C1D1","R-15_Baseline","R-16_C1D1","R-16_Week_8","R-17_Baseline","R-17_C1D1","R-18_Baseline","R-18_C1D1","R-19_C1D1","R-2_Baseline","R-2_C1D1","R-2_Week_8","R-20_Baseline","R-20_C1D1","R-23_Week_8","R-24_Baseline","R-24_C1D1","R-4_Baseline","R-4_Week_8","R-5_Baseline","R-5_C1D1","R-6_Baseline","R-6_C1D1","R-6_Week_8","R-7_C1D1","R-8_Baseline","R-8_C1D1","R-9_Baseline","R-9_C1D1"
"ACTR3B",0.35311977948215,0.0801560068249602,-1.36142172728157,-1.43064053374044,-1.77686070239644,-0.152310276183096,-0.600571079372099,-0.962635283377213,-0.944823494992873,1.27308181426714,0.417390979097065,-0.472781373122887,1.43110660857259,1.54332465974022,0.151282868971936,0.21519297904596,-0.970726770458362,0.057215096709828,0.350225787724686,-0.390104706836305,-0.921238050220729,-0.944945110817773,-0.466402629090669,-0.276065460340199,-0.333079242836307,0.286493867951561,-0.632996897329295,0.38780192410664,-0.00167628671103019,1.95726809473595,1.98628049029561,1.58090274401239,-1.12698531891297,1.45106030782745,1.33582827836728,-0.373209948373563,-0.718257395339624
"ANLN",0.1249656693066,0.744613320639043,-1.70298739163497,-0.222568468337334,-0.107674277303147,-0.373165366880602,-1.29072346553927,0.357756257039009,0.328038835707681,-0.835662782498577,-0.108951488724402,-2.47336866256568,0.638031845513224,0.37195910181195,0.649564890804935,0.746883003870785,0.535316906185042,1.59550782871408,1.27341637014769,-0.394399114343566,-0.0734030316208281,0.0601945978452831,0.496115132047417,0.24118353821209,-0.630558905104555,-1.24977132924457,-0.983290196851261,0.612963814553765,0.584492820773904,1.73502653422499,1.6577230275868,1.47056665519598,-1.83776725201162,-0.0150088089081227,0.132482225717615,-1.22329745203392,-0.83420438229546
"BAG1",1.66294706551932,2.13036802464149,-0.681717901339335,-0.646000812632293,-0.23558225271442,0.0469164758313768,-0.78139743073602,-0.835692181027359,-0.718449612465896,1.08221354818317,-0.826080699635996,-0.169901251842617,-0.486216436266104,-0.849368447386087,-0.433771591263642,0.362107731532093,1.2397360701259,2.7455066431398,2.39755684791774,-0.234280676174787,-1.18211230242834,-0.605406611620487,0.934456131379424,0.40931208838939,-0.0588743193164062,-1.16731232961025,-0.237550769361323,-0.490587961274848,-0.460279925020798,-0.658147560843211,-0.676219769514216,-0.235473407122553,-0.511764560280115,0.837761014069332,0.655711250014945,-0.65424562640857,-0.66815845445829
"BCL2",-0.783678357154663,-0.503864047581386,-0.023721765790748,1.20883068296038,1.14469700804831,0.793757827808369,1.34681297215334,-0.162233398758473,-0.509036935417082,-0.13639955951778,0.30653504928745,-0.0151119404220675,-1.28433686217045,-0.601082105728315,0.505700966272926,1.02147209209789,1.80908998505124,-0.417174008768425,-0.191047883255946,1.12491431789405,0.237124111759504,0.329639702360226,1.2341899529118,1.38595134894214,1.32415896970186,1.1218275264576,0.0653197322676185,-2.03177674285317,-2.29924940352634,-1.0074705171902,-1.05942415878878,-0.894470978830592,-0.0225846438846498,-0.623490048018522,-0.91115214458961,-0.455918999653292,-1.02679774407423
"BIRC5",0.301107316680607,1.31107913515463,-1.21856452451328,1.11539566155777,1.58370238078354,-1.07163421817109,-2.13802149013527,0.49493070611747,0.346486076665043,-1.48532637727253,-0.425746453679358,-2.17894276627999,0.72951706360801,0.289728306331191,0.55734519507228,0.696090608415532,1.20344639738585,0.103793187293131,-0.111781983971935,-0.297272838793593,-0.0564143484048413,0.0909702706377002,2.05545030619052,0.519025933688173,-0.37398369623447,-0.742023625498811,0.0921430290589197,0.364855295487272,0.321752793015802,0.808148467188396,0.592242173263953,0.455368734413621,-1.41526756884779,0.109400642151436,0.218036233854505,-1.41482829643298,-1.43020772577943
"BLVRA",-0.29091763559543,-1.25909537531752,1.03587329226184,0.574729636613293,0.622722337543869,0.310457481643268,1.4901700374091,-0.930157001426973,-0.138205297647186,0.787396475830582,-0.419883414530234,0.433589648159742,-1.67695447149838,-1.34881125304407,0.103719583789862,0.463944868761435,2.64068319828728,-0.149139896096872,-0.258656148117187,0.173794550007195,0.288088243396255,0.716591771568168,1.07665900697244,0.809748119012009,0.452734722023106,1.01587353106815,0.887295864964804,-1.16070715435982,-1.44733572318936,-1.86032777504799,-1.65161597530903,-1.39888232106019,0.413629353877089,-0.24869647637136,-0.297299818315266,-0.00344988171640758,0.242433895453825
"CCNB1",0.720092834374254,1.55954160156169,-1.51778502580185,0.45547011777878,0.361649302612413,-0.233744725693727,-0.880806862774158,0.125175680760775,0.309077153791572,-1.97066424309889,0.176332017724764,-2.5677762412963,0.51103578027787,-0.075238472282604,1.14290899611838,1.08559418410709,0.930828549940622,-0.204061487026889,-0.237059950226901,-0.0209704957017251,0.232217444778187,0.211358615018165,1.03895349348276,0.448888053712086,-0.677492933273069,-0.671684126845641,0.0796890349296644,0.487210550894011,0.112104582616274,1.47608690553127,1.26651377876649,0.793878683621353,-1.94199202200522,0.171289742630668,0.253961311930317,-1.6543266778554,-1.29625515307709
"CCNE1",-0.735356225328286,-0.0295077131445091,-1.19672760924502,-0.569690829813727,-0.664845296980833,-0.963571109145566,-1.43807250630394,1.60824409009525,1.43074191534513,-1.73701057650186,0.44145533992618,-1.08117329891679,0.244384548260152,0.039465316450096,0.259683932655167,0.257959974719513,-0.812070661857147,2.47651977992862,2.35088445626775,0.335382039336043,-0.431886110815828,-0.332826197081155,-0.334645198238572,1.53936016592787,0.673996331719596,-1.23900675334678,-0.0990651751088207,0.1561832522122,0.195714672907301,0.763947497992538,0.512952644094388,0.211285917332211,-1.07600159746201,0.402033541809518,0.465224585131176,-0.679799338515982,-0.944163804303882
"CDC20",-0.190430618947899,0.602117317160394,-1.02106169559454,-0.146815162396595,-0.117507274280124,-0.575102943654857,-1.25519877004405,-0.173837781318318,-0.0734074623163409,-1.44400720940563,1.33263808301901,-2.143946393705,0.724425474499116,0.518489466177918,0.595434582392784,0.49843210056699,0.56083173303351,0.784392895085257,0.529730303252137,0.169124710039364,-0.662566261239469,-0.917988730301046,0.689112585845605,0.468989294651325,-0.385926946342225,-1.31199306496029,-0.625105975353366,1.34906534759668,1.05894367812328,1.55123870176303,1.41137887499084,1.11187368122307,-1.79311787144568,0.872597421174156,0.830298625586626,-1.53158025992442,-1.28952045495121
"CDC6",0.330766501997455,1.23106803798885,-1.77437857459056,0.78219506787701,1.12172722242246,-0.867785778429802,-1.69411207427764,0.616955959835571,0.466921138725711,-1.40398773909107,0.709876509829545,-2.3749355409464,0.513618565235486,0.26897212202396,0.269400899909801,0.612391685696527,0.619292302997579,0.695739961662235,0.565813336256624,-0.168964894305581,0.0313182203974474,0.403836063352107,1.42827204761009,0.030587325748028,-0.48364642047431,-1.01348453867449,0.0830319711786872,0.272193521789761,0.212350084574551,0.719910385346043,0.464359191494959,-0.190020694576342,-1.47133893638152,1.30202903879835,1.03662192766254,-1.92100823240702,-1.42558566625662
"CDH3",-0.410089744918963,-0.0897924022844998,-2.09514931821271,-0.871796456074488,-1.03430199408075,-0.897949088125509,-0.419153648066085,0.556073672933249,0.432283376419003,-1.14937249779871,0.431729835923607,-1.19815156364391,0.577712943563502,0.645479442417919,-1.95346675616128,-2.10432692696179,0.316850199100206,1.0742314881727,1.00827868125292,-0.455288387204025,-0.382780077489158,-0.359969845865046,-0.46375395842687,-0.291107796757177,-0.074436287000954,-0.471052768902324,-0.233456821975352,1.25814959155316,1.66860150687381,1.51825706381739,1.47361535568193,1.39599019891968,-0.163382637390263,0.694793175595882,0.906326200169513,0.413293384621052,0.747112860324348
"CENPF",1.02773901974211,1.69001383323579,-1.09498755496271,-0.445812503213742,-0.168894700726562,-0.365423157847605,-0.90298157389332,0.332104591593952,0.254139188794311,-1.18920437025507,0.973683202140444,-2.41637617929133,0.796397603253666,0.266178187143759,0.724289028917508,0.716471447827559,0.361944848751447,0.950346869793399,0.910770621595232,-0.210232420483043,0.4589004538923,0.391633280290352,-0.770850392701635,0.180135681262992,-0.70193899415793,-0.801334467904519,-0.469072259563514,0.530837658919414,0.0680996753748452,1.45627345336079,1.31218055484425,1.04474220022073,-2.38322271891998,0.251057517646421,0.139701931080144,-1.68437286403737,-1.23293669172308
"CEP55",0.133116601062494,0.914434792687073,-0.76880340369278,-0.131970178966218,0.291189046904316,-0.429134201848395,-1.45423961743079,0.874770688600098,0.89736188046852,-1.87085970362303,0.580858910763073,-2.05466333163346,0.447115109539139,-0.0602641943385675,1.08767946548301,1.38950396571483,0.852339083008584,0.528993638824245,0.250183905684675,0.0262112206984145,-0.689192916796725,-0.626247172163061,0.748924116637593,0.389915093686001,-0.520438129604369,-0.988916733029908,-0.448786277999384,-0.0408187131985361,0.164848377539468,1.42391266386185,1.40659202827007,1.14651538306002,-1.77104899757367,0.791665798273535,0.786175612718354,-1.69801275518165,-1.57891105640484
"CXXC5",0.93752302941123,1.5439720314824,-0.397510357301347,0.793240524906798,1.27630424620925,0.609431164673952,0.559418983146615,0.0863902849996615,0.0261641216404185,-0.0599444737753944,-2.01766597722766,-0.399833144042408,0.052342290895255,0.05429734781146,1.26273737860813,1.4951014636348,1.61732748748945,-0.993590760453426,-0.702053240363309,-0.283802813060785,0.475586858568355,0.296955888314282,0.971852802094022,0.309788153740703,0.151713628030568,1.3478291424384,1.1745552496378,-1.97752887803763,-1.35751985867389,-0.742679752494238,-0.862996854846266,-0.827226154423176,-0.462312175571774,-1.23903689554394,-1.59570247670042,-0.833625718797094,-0.289502546420804
"EGFR",-0.625166370587167,-1.35567912209497,0.549112240275124,-0.464221005839794,-0.368235196220125,1.90978252586246,-0.492447310778488,-0.889868526185139,-0.73712222088887,-0.946522162787641,-0.0604152412163837,0.193052390729418,1.72961833544455,1.59385665648861,-0.904340423840498,-1.67911353618079,-1.34904346654139,1.63951268435297,1.4651121558123,0.0254182419308491,-1.12291932283037,0.768961317544436,-1.11273789176067,1.06105402906851,0.843936548203425,-0.651536511499134,-1.31529865195483,-0.994161916578572,-0.552896607617321,0.591633341330959,0.702263404392533,0.634974684865903,0.721394911161422,0.550421076961054,0.81709714481642,-0.051288470029138,-0.124187733809642
"ERBB2",0.84782695525378,0.344006054449751,-2.31337850511035,0.647395400108319,0.673252373897855,0.350256400171752,0.606958312754026,-0.670865199032328,-0.939666318881995,2.54121739986029,-0.526449876304642,-1.54992042704785,-0.393641577444594,-0.357762086773096,-1.09428877060583,-0.636545115783594,-0.299893561353902,-0.490160734944549,-0.235492153742214,-2.52133810989498,0.827424662820555,0.750814056179319,1.18405494494204,1.02563953780145,0.512201146038567,0.393021676184771,0.143630581409912,0.739266000818235,1.00857773904686,0.293182201032073,0.304641674546975,0.468276280189545,0.691711944451643,-1.28882484786961,-0.999830741138027,-0.249715056452653,0.214417740422463
"ESR1",0.923532846419769,1.06324492423579,-0.691256515446325,1.25029384015407,1.24256193366259,0.867183666499242,1.1755336317038,-0.786056594207006,-0.769129069084426,-1.14438445913514,-1.18941330367974,-0.817060238087172,-0.496235613311146,-0.551502788789648,1.01421949448767,1.20999238264247,0.970769346272666,-0.347719721619437,-0.27931522329579,-0.559280431490906,1.02154831937575,0.889095655939294,1.74495376449328,1.23220678788907,0.973322772998855,1.04732693172518,0.699011159304713,-1.49782970914087,-1.48080225311611,-0.952285669947482,-0.856105981915512,-0.909894158921528,-0.693523817918728,-0.805314303004038,-0.91785839789303,-0.520538120843272,-1.0592910869569
"EXO1",0.606803474111665,1.2757023753471,-1.24325679992515,-0.537687040526634,-0.293688476822819,-0.364905294382009,-0.773524285378824,0.734870922463733,0.519324391704935,-1.12036162709776,1.28421752889795,-2.4732536745387,0.956628716015561,0.739590938854949,0.665337430221188,0.99385709056181,0.190110167376537,0.902568066362208,1.01996387565669,-0.278094316063942,-0.544095442563036,-0.341947613289421,-0.48765799419631,-0.271417170549853,-1.03257720765845,-0.686230620809456,0.00495889693096071,0.135995675606824,0.113557745208231,1.72134538104444,1.63974991347017,1.02594017703649,-1.85830194062097,0.298726927914926,0.305133319470225,-1.53547966378998,-1.29190384604329
"FGFR4",-0.315436111690598,-0.634734604281983,-2.5275124602571,-0.0920521493111588,0.267801604704063,1.55375829627637,-0.608591482665785,-0.84666411926741,-1.06002663781295,1.90918991859073,1.01200423480217,0.909017945727198,1.36422979132791,1.38336868697073,0.769312509209606,1.76094156183797,0.68642793793034,-1.3740802359654,-1.33745805140895,-1.33305034627997,0.107302267233105,-0.463395684227081,0.891005552980041,1.05663199761486,0.670714997781108,-0.976256537366769,-0.0165913836164614,-0.144124655629502,-0.537075552851251,-0.00965990659212396,-0.166774156277783,-0.898277714171753,0.310325411997679,-0.707983598577805,-0.420838897417307,-0.233788066745225,0.0523396374304848
"FOXA1",0.867819734906912,1.01877566971926,-1.5871326596962,0.912139497226567,0.962789231478814,0.775464045275213,0.789176244919313,-0.277881350884956,-0.398015068419078,1.32683867801623,-0.880035549333415,-0.669316158690389,-0.0131356723673996,-0.202109243164164,0.999608775746751,1.17297427923855,0.960994157475879,-0.794743412138171,-0.955440136491344,-1.54888645645981,0.852626356557422,0.741039055575674,1.10897861521562,0.633270034988544,0.374679362115153,0.503989538266894,0.684867478675664,-1.84207127518723,-1.73682534507781,-1.27255138155258,-1.17201318828104,-1.03238349450907,0.614223032475722,-0.946192371594638,-1.30864855235292,0.459903707294937,0.877223821031087
"FOXC1",-0.338560453509264,-0.76159558406139,-0.537884374716134,-0.943596321228475,-1.23337896687598,-0.834729794721454,-0.464505785259568,0.441137503287591,0.779051805298008,-0.416201872570057,2.35045522298298,-0.642927199208336,-0.0993349532161326,-0.0534329804238429,-0.942855962414859,-1.29716264931275,-0.223072645274923,0.756961187817917,0.559825066275455,-0.577824173226506,-0.736342124116067,-0.568306718411126,-0.488919904516033,-1.00245510949212,-0.679542517693908,-0.229018853756199,-0.90070129093773,2.08247513277376,2.37991877544781,0.983057970517441,1.10025417151306,1.24343473008673,-0.42242906737989,0.982627192094524,1.51966464638026,-0.444837862430858,-0.339246239721929
"GPR160",0.742930050676002,1.59313217972065,-0.856794037686784,0.940383323355268,1.71002773329643,-0.00308651569695548,0.843225774619058,1.83182734928219,1.54483994662815,-0.3432479999819,-0.843549099700509,-0.56132709156361,-1.68381684582362,-2.09668449437025,0.15436210914436,0.548623124820495,-0.297532983033992,-0.652699205944507,-0.790536549385396,0.27630766464169,0.0931512745492964,0.172313512812875,1.49699096839007,-0.248035574462263,-0.451851442231518,0.748752186970471,0.00351580499643356,-1.76547089368861,0.5522746146428,-0.218728747688852,-0.452646012630762,0.170153183985942,0.120740814758739,-0.878045889593376,-2.04490477458339,0.241962683533792,0.403443857241571
"GRB7",0.833628153861928,0.210958030331894,-3.49296650582582,0.27058340144302,0.380635406418616,0.269778786772816,0.505087646596513,-0.381902761023829,-0.342788836380034,1.92307509753939,-0.88660330551959,-1.02743373314356,-0.224877786929179,-0.276877670453426,-0.0544694735160785,0.554919089315008,0.363490743293682,-0.0658771499599155,0.393291872893659,-3.04528270175128,0.4744369930237,0.272767474659359,1.13991292567687,0.0946932410272902,-0.314902541340011,0.155886156266136,-0.398178666285442,1.27550649893417,1.40238322396277,0.287808246323952,0.438493315504047,0.614896050307463,-0.569537412400654,-0.211318999046294,-0.164319051524945,-0.417852540839711,0.0129567817874995
"KIF2C",-0.0737001102724692,0.466369836084557,-0.84432359468532,-0.0368591614207828,0.0585115395191608,-0.547445971246886,-1.50548978134113,0.166338138923335,0.239046571792116,-1.18593507565102,1.43905239108757,-2.28692465704116,0.293759856844423,0.291759491669614,0.727917550856139,1.03825033320066,0.614711314954359,1.1125232273766,1.07673047987796,0.159423808814591,-0.539689882324943,-0.617737428986049,0.81327607825547,0.0339290123800473,-0.763664129629066,-1.27668143801048,-0.852357318270404,0.481731416398791,0.102019896528439,1.39241687689815,1.37857823727144,0.793638845469624,-1.8612876253788,1.41835535072154,0.995516912938077,-1.44535400552836,-1.2564069880758
"KRT14",-0.824841384540893,-0.819994347846814,-0.429698853727187,-0.918752097062637,-0.773090704059889,-0.812681423352905,-0.853968095978259,-0.24141816027104,-0.334717419904071,-0.785049268232603,2.22378589252535,-0.599848550809528,0.515168643084668,0.600456538675878,-0.823233516682104,-0.814473860944206,-0.727763857713079,0.506259948508264,-0.258810440556113,-0.616898204604574,-0.326728127781865,2.16595758793417,-0.80658791416979,-0.419252281163283,-0.384260889841886,-0.18980141782742,-0.706147579206522,1.96603027655969,0.866950146649509,1.03801876641672,1.38632093925807,1.19299687635465,-0.630789858721369,0.588512792637442,2.32962938462076,-0.65465934050348,-0.626620197723657
"KRT17",-1.21072524559359,-1.13322026299941,-1.064177915237,-0.532563346984539,-0.837626354726913,-1.279983058024,-0.627794892801276,-0.0199221995987521,0.100009238118647,-1.09680266674237,0.869927724163445,-0.167150330308616,1.1701994391328,1.25470788736932,-1.19756467759269,-1.48935853574329,-0.694044136511753,1.91677102325494,1.46315615516319,-0.0279152035499268,-0.831303185987064,-0.338382549751463,-1.19352010604009,-0.158184058517009,-0.288010630583274,0.30350944704044,-0.531170126941098,2.15459981443209,2.00178659697653,0.520167169254378,0.482030058560887,0.288071664974407,0.501685511070891,0.861337731606306,1.08889375379507,-0.284083487231518,0.0266497565522908
"KRT5",-0.875449811285384,-0.714040663770219,-0.563836858214033,-0.898660424220984,-0.976271201462288,-0.879649154190855,-0.857883725145647,-0.717206129314127,-0.703496955040145,-0.732622961602225,1.17050103264616,-0.46388128679213,0.905063422050007,1.11528396408954,-0.880574771739486,-0.963508000755536,-1.07511794982077,1.45381270331874,1.21652626773095,0.460020894440066,-0.360871215120495,1.71864275096073,-0.977002195334146,-0.530760700760869,-0.483135767813252,-0.0830252306899132,-0.645295912469079,-0.0599970884385907,1.03619651284666,1.59531741168722,1.67209705956591,1.75950342346056,0.0934804670972984,0.264010398164251,1.76478028827756,-0.929962733337672,-0.852985859017792
"MAPT",1.3179544701695,1.67493073924222,-1.19194126118553,1.04764800418575,0.680322352158282,-0.230818014341777,1.20703408529064,-0.578378259053405,-0.515278389227664,1.71773740417409,-1.08771733388145,-1.17633076633357,-0.714172675332502,-0.588418467885275,1.50131364624117,1.74983433479256,0.856592279964096,-1.60033567077997,-1.38381751674063,-0.611986069649593,0.774605222710678,0.294848159897419,0.554928885164196,-1.2756332241868,-0.820539201436416,0.91459985913533,-1.02680419324862,-0.50745363417799,-0.198005147598817,-0.766365463775883,-0.479486712336137,-0.60250144397802,-0.154032099028101,0.993035499469965,0.996742751898419,-0.638719495411901,-0.133392654904284
"MDM2",-0.344420738200196,0.627555375851151,-0.569186489755261,0.263596569850299,0.6740574687624,0.504639211580769,-0.223707070222682,-0.239471687234093,-0.539023412566828,-0.556494236785931,-0.409529250287876,-0.655006829448696,-0.609950961774348,-0.983043165827035,3.30208491709987,3.58403153581113,-0.231780601696733,-0.384969183786756,-0.541895441512653,-0.563497575833237,-0.258610034381779,-0.260298553547466,-0.235912933091408,0.425887324689562,0.0602449561226497,0.1965983773167,0.489030708307348,-0.0692398367347759,0.410321936464498,-0.811875132938132,-1.04730007680321,-1.05598861899544,0.367801325376897,-0.986519385411527,-0.970913730609939,1.02418370337286,0.6186015368399
"MELK",0.520412700214161,1.17592875657155,-0.868266847625899,0.0686780263925666,0.163042816246314,-0.897404875790134,-1.79358447791219,0.333952740249968,0.273919880432199,-1.72108078084221,-0.0236163773473711,-1.84704097031176,0.376130645226203,0.168205377305291,0.483062507151854,0.647009025767871,-0.0294384638825905,1.16592102479002,1.21197968060029,0.0624322704270104,-0.729721324026469,-0.512650420941763,1.07180770251764,0.529065167121833,-0.263570818489581,-1.02190422582501,-0.978771670766718,0.599979012578931,0.671425105189242,1.71608147107542,1.65351170438085,1.28257014596644,-1.83314965082018,0.542428098683521,0.297405059642902,-1.3848267447469,-1.1099212692033
"MIA",-0.744820787286093,-0.922036017826153,-0.165491104906973,-0.381453846743609,-0.756453040808784,-0.333123662944579,-0.483863198671732,0.105385004081897,-0.298115753904938,-1.4377513184989,2.80805028621614,0.164214628128056,0.788153753750397,0.88561792395993,-0.73295695727572,-0.351718063617812,-0.0285235680732384,1.35824819512481,0.560096896458588,0.00502532219271985,-0.626221439349846,-0.964843901823745,-0.610135546581551,-0.948818251653297,-0.476026146177121,-0.782400575756633,0.199546292059361,2.27023821648858,2.6300698607719,0.35416096969804,0.49437905289469,0.53685801309536,0.0756891032475203,0.0513407522100865,0.14415955940931,-1.4377513184989,-0.948729329387752
"MKI67",1.09226925414418,1.75343623695504,-0.11715106489983,0.204052708749149,0.568478689408913,-0.336854019329957,-1.3247972779161,0.462777695231347,0.435156016498037,-1.35740823030011,1.54259756847154,-2.03002843444946,-0.259108321910175,-0.599364937385267,1.06891350553244,1.24548469491113,0.189518813468131,0.702961124116194,0.411564009096649,0.744300444673979,-0.629128710858763,-0.732069193124502,0.980288627538135,-0.345675174483435,-1.25942560219101,-0.751160229532743,-0.207634238032914,0.356771200407801,0.114083501179928,0.898475637284518,0.878497206609682,0.445301462127923,-2.05741630316812,0.694902020913197,0.412907155347031,-1.95109071657751,-1.24442511850505
"MLPH",1.35508759436088,1.08489413018077,-1.33510741861966,0.369744677485801,0.232419598124712,0.490751926758097,1.19400975788852,-0.218758851848803,-0.174114430259471,1.85593836034454,-0.96324967616379,-0.545645734147466,-0.912685070359085,-0.837171696961373,1.00010317047193,1.19999106389706,1.21776370942383,-0.857296680451846,-0.703688993141527,-2.03365521455148,0.504002288183055,0.581019939048351,1.13091416509879,0.761949444137316,0.61876180236297,0.652605400879035,0.342042186548579,-1.72237670583299,-1.83149734815985,-0.992811286946768,-0.776460643528954,-0.598296570734493,0.6905063771635,-0.750467324801189,-0.854099757225591,0.308042490497083,0.516835320879536
"MMP11",1.55971711913784,0.891370230792855,0.273131389421697,-0.0770465203119695,-0.487863529273746,-2.38093393159423,0.582957161724617,-1.52663767256181,-1.10780619058588,0.609989810376807,-1.52286951727882,-1.50512949831224,-1.16919065179723,-0.448653845446383,0.301928432446228,-0.172176097912244,1.6518399944045,0.334708101493538,1.13804010980464,-1.88939396576526,1.51562634415489,0.628010473898568,0.110309779570904,-0.230701696637178,-0.0531030233873721,0.820590334677455,0.171670530428381,0.678106135490381,-0.444440182714493,-0.430399361893671,-0.441784242188055,0.269893638657863,1.05703549814165,-0.650725275443984,-0.126073807964927,0.671643034456743,1.39836089198995
"MYBL2",-0.161959236031,0.491156519877631,-1.67452771033105,0.626733260388127,0.996247783643358,-0.893091535409352,-1.31125106385215,0.454774228690944,0.119707566553714,-1.54753044128025,0.477036962176157,-2.01128570625046,-0.532303657212663,-0.552342301760287,0.754297568339496,1.01283450654914,0.10312503537866,0.490013737899199,0.721980572906317,0.610248892982443,-0.526886421731219,-0.519630873893682,-0.116716054734585,0.133191218696764,-0.575194613922822,-0.235813677904858,0.279980808477686,0.772714823632733,1.07769871980302,1.82345229560597,1.77701219383245,1.45053395070788,-1.5394592253097,0.446104103561625,0.55917764735112,-1.7121147683359,-1.26791510909443
"MYC",0.300359481563986,0.693885478245222,-1.35410175454143,-0.14136177229932,-0.494687324436756,-0.761712525481888,0.420843364951743,0.363580132327766,0.115452353528097,-0.411666307478598,1.82540215122199,-1.63256165031489,-0.0865938286305097,-0.29817415969918,0.257343387098015,0.653884277316201,0.967372095138154,0.814849738099892,0.786492377548518,-0.50046991291266,-0.0708718180152509,-0.619031028560105,0.252815110401493,-1.24573499108512,-1.30833774225556,-1.22291162739553,0.468653569746763,2.17677475916368,1.68549548080819,0.942302471369481,0.758129068001501,0.138229805988495,-1.37698847952291,0.434524875527036,0.883464171862209,-1.62345218719945,-1.79119704007929
"NAT1",0.212044472193446,0.417320529580589,-0.309149332897361,2.13727342659984,2.58090972059532,0.894814946277277,1.37101179850381,-0.588774903197753,-0.74136489701419,-1.4684306751361,-1.19435114645272,-0.450040983330178,-0.286586189529437,-0.30470021023891,0.609043480646735,0.746702318158152,-0.286956726282004,-0.789913214419333,-0.845710097456774,-0.281580704781264,1.93882315121192,1.35359203234305,0.296124556458556,-0.235022002741976,-0.410986988396128,0.613940314041403,0.619230549186634,-0.996202862536052,-0.684124156357489,-1.1632856257333,-1.23323496276603,-1.09768195706883,-0.436999662499806,-0.751847046702339,-0.670366636613224,0.560503898581116,0.875975787773348
"NDC80",0.189223059680711,0.103948126154475,-0.393595347896219,-0.393969911382068,-0.217943617945942,-0.460061581431208,-1.23799983002715,-0.131066807926801,-0.249555028389045,-1.77615625615167,0.509473563663605,-1.61775203898864,0.733736153243227,0.406661374882839,0.689279062526266,0.785524126257975,0.545748540204148,0.369619802712272,0.335237158968089,0.158979527886719,-0.105561150559841,-0.118206068716757,0.562653598832442,0.814947907592711,-0.0373574769726396,-1.44048381279835,-0.736226415077977,-0.193757700760535,-0.338464499445521,2.47284120507314,2.33494415138248,1.91252589394876,-1.79583756928126,0.34778066618433,0.371412218035394,-1.14402674294296,-1.25651428053498
"NUF2",0.731233061944172,1.35829090684843,-0.798012970997625,-0.201814371853208,-0.0282719183029746,-0.746022850978555,-1.45097071860668,0.140878375132712,0.105478268010122,-1.76736304908528,0.306307764503052,-2.01601148847231,0.931273827875107,0.57100215159979,0.896553261618863,1.13863010872165,0.484340426717494,0.529567278797795,0.481883672392476,0.0820723457298047,-0.437981326249415,-0.451155104672548,0.276194461253092,-0.34162687910086,-1.04236759688024,-0.614693493746614,-0.0882850665321134,0.983205076107813,0.538088449971826,1.60059317098323,1.33980989499645,1.17605933608365,-2.10588538924715,0.758250737054155,0.640326685116131,-1.53644240307201,-1.44313463366021
"ORC6",-0.559515290179491,-0.426705874452683,-1.20365116629346,-0.17477706505113,-0.0497505170752583,0.514016230044745,-0.109583511239593,0.148782188349656,0.00787725872448749,-1.94516083979822,0.85541679734433,-1.54747391584269,0.235146518067187,0.176774359291218,0.732374336497111,1.11734404011186,0.919638655069484,0.0653628949223505,0.190355284449559,-0.0223209500199311,0.529694266176516,0.465312334939638,1.14021488625232,-0.831388080041472,-1.57626614215803,-1.178876485183,-0.531348539329588,0.597059863328608,0.0326599216526858,1.75336427851013,1.57888737555094,0.752926827736766,-1.47062262017818,1.49537373030534,1.36655259201635,-1.45598649664406,-1.5917071458545
"PGR",0.609514186386207,1.04691659034463,-0.536822548281019,1.03453035734379,1.16620589008607,1.66931788809454,2.11859053588981,-0.926707085280902,-0.779274164751927,-0.270561399426473,-0.222083089309062,-0.100746645547256,-0.673281089973833,-0.416410302326371,0.997694684120341,0.76515843064392,2.40423555072232,-1.14970630018632,-1.11547287910034,-0.856294846837007,0.610435864307718,-0.218916870317423,-0.599624916383714,-0.355286163476924,0.136752844631003,1.08245282185449,1.34111018240879,-1.23041487471008,-1.32726232381571,-0.819202366877031,-0.862323822572762,-0.72908687281089,0.309607148965467,-1.20329629201073,-0.896051665420132,0.305668945172974,-0.309365401556172
"PHGDH",-0.902365027058967,-0.101397846833063,-0.993730088539987,-0.470083573605594,-0.197997620688677,0.83619604186202,-2.08951048203076,0.220754329997023,0.530823046261645,-0.141896938947322,1.05840894707049,-1.42555659393794,1.08995524082225,1.0325964520346,-0.615098194367566,-0.0837449669392522,-0.122766430439303,-0.270309800902386,-0.125896852279596,-0.602165035081517,-1.21972805097326,-0.639516432387888,1.19541902107352,0.595837261326603,0.409118558953919,-1.64401757283271,-1.28405650902183,0.75327249590133,0.26848461299166,0.617818544593779,0.590842297200928,0.503778201894173,-1.06505555581478,2.01613568221906,2.64837891186392,-0.457371655960736,0.0844455825762173
"PTTG1",0.514152110017188,2.06395028569327,-0.279650997925325,-0.332321495565405,0.219663676840591,0.117772523695936,-0.942351744452381,0.224386059623134,0.105539929223555,-2.3379070334687,0.663556858732427,-1.39861240266462,0.812101368287145,0.0624788424709921,1.06763953086531,1.08552022103009,0.38322805787475,0.457137366838283,0.390167177307335,0.600118105472143,-0.154410812003438,-0.26510054272573,0.464127412974867,0.124917463225569,-0.85308492571124,-1.4489716123058,-0.0922543639940645,0.0443641787579746,-0.0111513155568868,1.33430993373227,1.45333817318429,0.909264953284135,-2.10626549609238,0.209667405781592,0.37238732109003,-1.93404366403422,-1.52366254950271
"RRM2",0.77976756751579,1.41024130763451,-0.630119642857049,-0.439094621717782,0.317127399898457,-0.52430502641187,-1.63069723650381,0.279097445569887,0.32428088385909,-0.723696543079407,0.757201857534878,-2.6313604313501,-0.198240946550565,-0.211182648098365,1.2996498710384,1.59345567209484,1.09751100499531,0.668052199082055,0.583181518101669,0.314101823377438,-0.772209726791954,-0.300940906919794,1.48116561196708,0.516661609945139,-0.388850522358158,-1.1125645369424,0.18192294236926,0.151341874150251,-0.279388734165946,0.809147944825113,1.03982683947366,0.230891156094609,-1.46827892611244,0.553512991119302,0.389511258279991,-1.94525736797151,-1.5214629610956
"SFRP1",-0.690685587100694,-1.04766405244736,0.204087868695192,-0.626635984452301,-0.955734467365574,-0.571733768050869,-0.554598554245799,1.09053953628566,0.704383106612426,-0.283735388920104,0.850548148428933,-1.08675377510508,0.687408090024628,0.414753530473749,-1.02949462262307,-1.19922950259358,-1.36128679179938,0.961907904671761,0.787667372105571,-0.130849872693963,-0.980248759426169,-0.137247378108656,-1.26519877546508,-0.744286559982737,-0.49205024638277,-1.00551068174144,-1.05560003007691,2.06283998712091,2.23382919354838,1.14705360855645,1.11355526791403,1.2832102489588,-0.193040320866821,1.20576150580502,1.215784021211,-0.00823372845629625,-0.54351054250786
"SLC39A6",0.623035207523996,1.05702699403873,-0.834888493784087,2.05996600187909,2.37231203276766,-0.170443707202764,0.502320266022062,-0.770152331811481,-1.10827362780258,-0.548137190284605,-0.729848894869256,-1.41052772353349,-0.754941063340572,-0.98056141453793,-0.275702457172758,-0.246454374744359,2.08942148127999,0.215042096848547,-0.316089229494839,-1.01098433530692,0.0550455084903605,-0.213121664676232,2.33301923953882,0.501375205073594,0.157944000072764,1.5679806114043,0.852245257158362,-0.324361462910395,-0.409018616689937,-0.576222181676077,-0.803086699573889,-0.687455408498914,-0.400607524611123,-0.453834072685628,-0.221188544145835,-0.740258659328032,-0.400574223416589
"TMEM45B",0.206411367984586,-0.639202347936702,-1.63688684032244,-0.687718614427616,-0.34983644945244,0.695696472215304,1.33719177550262,-0.20469006215253,-0.293745617865588,2.34825016797028,-0.282503932237536,-0.350238532888591,1.22852600753457,1.00461053077539,-0.885718601705837,-0.98265044388783,1.75283044065543,-1.17005297213227,-1.21630740329079,-1.21012008929689,0.501868643530461,0.668879131928591,-1.32131629225023,0.640953477005117,0.90074870681388,0.460774203199307,-0.130285669926678,-1.3743825440315,-1.16910009917296,0.29361835509529,0.645157126043955,1.22799905938702,1.1843230409431,-0.390636357908993,0.737887681930821,-0.935167917208171,-0.605165400420161
"TYMS",0.251856372170482,0.395598776165373,-0.721497087838616,-0.273617614855501,-0.00325863053221192,-0.221112769772039,-1.42276897333781,-0.012525153561588,0.0370255777708783,-1.2645137106035,0.999357899137157,-2.06129865691734,0.603493052289821,0.459004575831958,0.474399415228574,0.721726725865721,0.232581129353227,-0.249693948779119,-0.0612504336719372,-0.161846663713747,0.285781843750674,0.237520991083437,0.8352584073733,0.23605881099846,-0.583424317686959,-1.28320539383295,-0.676184252327931,0.00323193279921758,-0.236517993968377,2.41519347292851,2.40783032185367,2.00945253660623,-1.90603862617422,0.309116824073121,0.17206387520091,-1.17465926549924,-0.77313904740762
"UBE2C",0.300534882981867,1.21281074435643,-1.20929937445823,0.617057560221334,0.867694487282132,-0.106357322407234,-0.902411673201308,0.13996235848634,0.017955217803687,-2.08390729009135,0.199502192876196,-2.29419834997154,-0.0577308560031921,-0.507442804203859,0.992984296440608,1.10749599648559,1.58019864741995,0.473083545288889,0.496588774838596,-0.29560501154713,-0.0611286916757706,0.0273908819162902,0.88299475345483,0.0225548858079264,-0.872356113321874,-0.606452329255335,-0.121301372697418,0.712332019128678,0.637036132423169,1.40567477383194,1.21875847697247,0.899258384020219,-1.97845840163527,0.110338908647361,0.222813614483481,-1.73553116467886,-1.31284078001961
"UBE2T",-0.272070891693682,1.07324444158078,-1.52443418043976,-0.0463651493521028,0.257065827112485,-0.201478617171875,-0.826280269497101,-0.177999517823863,-0.364994476643002,-1.52284064584601,0.908827817860753,-2.42382117421375,0.481356943673227,0.203205005172912,0.771932523148721,1.09025680056433,1.15711408605572,-0.158322065050876,0.196515399714661,-0.93016379858424,0.0195921397454516,0.216498643249882,1.27507139057374,0.276568702300052,-0.73955187577068,-0.499826042647413,0.659756289068162,0.315600743579723,0.265160473405359,1.66509908677641,1.46561937937193,1.15506819066018,-2.34517410612836,0.399498852116635,0.51806992338576,-1.37103581473539,-0.966764033518748
