"","R-2_Baseline","R-2_Week_8","R-6_Baseline","R-6_Week_8","R-4_Week_8","R-10_Baseline","R-10_Week_8","R-4_Baseline"
"NRAP",-0.634835816164945,-0.68449865785588,1.70741526545602,-0.445058542722383,-0.246322995151156,-0.499675272514931,-0.689925166029122,1.4929011849824
"CHRND",0.49904407409872,-0.897971630894779,2.11919217169613,0.226792452300239,-0.724162034313146,-0.259002818669145,-0.897971630894779,-0.0659205833232391
"TCL1A",0.288685394562743,2.32141755883046,-0.670095682113557,-0.670095682113557,-0.203447943614196,-0.572374007163172,0.0161656089110808,-0.510255247299803
"CLEC4G",-0.307705075551486,2.31284547577707,-0.731939500488827,-0.520250718363764,0.140068787459014,-0.731939500488827,0.220574159701345,-0.381653628044522
"ITGB6",0.671209934801593,-1.27343742029013,0.620189086310231,-0.0588266828354275,-0.219974971148204,0.463297436634916,-1.56003150223749,1.35757411876451
"FAM83A",2.2877938161702,-0.351752036286294,-0.149783601846481,-0.694450008883265,-0.40169623609165,-0.108646844016064,-0.921350967084371,0.339885878037927
"RTP5",0.0554941295364438,1.19137707906591,-1.02417475150437,-0.326810499255461,0.167286824578357,-0.836693749527312,1.68956387961275,-0.916042912506318
"DTHD1",-0.31944661364578,1.35862008663373,-1.08408070168957,0.143598831672942,0.298872873148481,-0.974865480149165,1.43972126562457,-0.862420261595199
"IFNG",0.214877990749447,0.521216111847865,-0.99498506309938,-0.286020661500303,1.30148163882209,-1.01797343895655,1.32361157063058,-1.06220814849375
"TTC24",0.138214488791761,1.54321073670457,-1.06749134822651,-0.456056089986655,0.170612164311494,-0.876246105962892,1.34740923423198,-0.799653079863749
"GPR115",2.14195550220613,-0.134140645523225,-0.563214185804876,-0.776094746465882,-0.281848183258728,-0.560255922903574,-0.64330582531692,0.81690400706708
"SH2D1A",0.055079857921652,1.50622906848653,-1.13907351435162,-0.355013819857909,0.529243943206673,-0.982084861377803,1.18924730791439,-0.803627981941921
"LMOD2",-0.766614882264485,-0.766614882264485,1.92088810969796,0.274041978962847,-0.464108578531108,-0.455320944120588,-0.766614882264485,1.02434408078434
"CYP24A1",0.691520830895374,-0.608084276988737,-0.47782977022553,-0.836275666227918,0.0834528172094108,-0.0863591190440556,-0.874701267200284,2.10827645158174
"MYPN",1.30350412447391,-0.773529100651469,1.49335553898846,0.520260128872818,-0.83482391257046,-0.829384640359422,-0.903524035410682,0.0241418966568489
"PDCD1",0.139941050226366,1.07024111932947,-1.4373622295836,-0.169011945381806,0.981618809418078,-0.816244146489616,1.13618213184915,-0.905364789368042
"TIGIT",0.0953317085169715,1.529061530028,-0.992153401143753,-0.442629097479622,0.494812807191378,-0.857077389157938,1.19949082935991,-1.02683698731494
"GZMK",0.20472436990055,1.30991348390666,-1.00253548310123,-0.235238996510897,0.62881333737125,-1.26148851266193,1.21031553750361,-0.854503736407998
"ZNF831",-0.0352733518337194,1.38697130471607,-1.17390484302215,-0.271527856975706,0.57209947694065,-1.04132523648365,1.29468509621095,-0.731724589552448
"GZMH",0.116384645643991,0.630140012021399,-0.986750183471794,0.103327044550008,1.07728170033412,-1.36430736769233,1.32849677584758,-0.90457262723298
"CXCL13",0.644044026915849,1.02818043744463,-1.04132928446512,-0.321347148021422,0.714292320109807,-0.892592187225441,1.16418774054012,-1.29543590529844
"CXCL9",0.432238600547308,0.958923860159293,-0.916591110679119,0.023133022311721,1.42050162138374,-1.49976300578807,0.381667338536885,-0.800110326471758
"FCRL3",0.398856675363433,1.86135361996838,-0.848675619087969,-0.742539849276496,0.120854535730738,-0.686823505414539,0.846546314871604,-0.949572172155147
"KLRC4-KLRK1",0.289535594471878,0.706500579161666,-1.05352805616141,0.0446544569709395,0.295608239087728,-1.11107555833203,1.76326192745201,-0.934957182650781
"CXCR2P1",0.0625321891093963,1.04317750345606,-0.911442360841643,-0.306446630657517,0.744944003027469,-0.807888453384348,1.45874279314024,-1.28361904384965
"SIT1",-0.0357538308127262,1.5689102421646,-1.05850105143252,-0.440153470827806,0.656231608654696,-1.07687741764083,1.07574525782982,-0.689601337935237
"CD3D",0.166108990677513,1.41462202937071,-0.980804921818091,-0.311726248298435,0.674301123682973,-1.33771434542756,1.08134785541191,-0.70613448359901
"PRSS56",2.36633768625633,0.314641021392888,-0.434593144853774,-0.434341389527487,-0.545678601727288,-0.175008368086096,-0.545678601727288,-0.545678601727288
"GPR174",0.164219207491693,1.36511822442883,-1.00085789854196,-0.298847051273006,0.634271177582558,-1.2492535726088,1.18798307433462,-0.802633161413941
"FCAMR",0.466752060691345,2.33100666446767,-0.574424935155014,-0.456335074992975,-0.342776863307999,-0.454959674289186,-0.394837242258827,-0.574424935155014
"SIRPG",0.160875275285039,1.46767203392688,-1.0680671788271,-0.228331920421729,0.34686670381835,-1.13432296721723,1.25636612597689,-0.801058072541097
"THEMIS",-0.107967341541276,1.12804727235854,-1.08495427321445,-0.0905623999680096,0.846822184671563,-1.3737474389948,1.26135117156538,-0.578989174876943
"CD8A",-0.00921979209899492,1.01828714280923,-0.950613027058889,-0.145384641910786,0.62787388059431,-0.917559451385311,1.55416733483664,-1.1775514457862
"TNS4",1.73639454905031,-0.219973222997351,-0.601744386563221,-0.80844190848212,-0.567827195662837,1.24874355072436,-0.997429687447403,0.21027830137826
"TRAT1",0.0167605843844294,1.52189242444217,-0.917307624725872,-0.352431032294552,0.548097509596629,-1.26480342386227,1.15058461724415,-0.702793054784686
"CPA5",0.0809862357824053,1.79780446276323,-0.793360481289838,-0.792749406176784,0.211329040992955,-0.789601955172132,1.09004344087377,-0.804451337773604
"TBX21",0.246524279568217,1.23730949982596,-1.17765903707482,-0.16590419886039,0.650890151015814,-1.18678485816563,1.21847618984366,-0.822852026152814
"GZMB",0.635833177593612,0.660700274971915,-1.05965648596174,0.0695893897002905,1.2505992599224,-1.20534183213551,0.812261206096064,-1.16398499018705
"IDO2",0.0376796800989624,1.80372390738894,-0.870966683417546,-0.661497187984098,0.877053389309643,-0.972798490755353,0.530078941300529,-0.74327355594107
"CXCR6",0.0325515555145604,0.780416854370613,-1.11729505374556,-0.180258357053814,1.07944797650589,-1.16064717000084,1.38667716520935,-0.820892970800196
"GPR171",0.073399284273586,1.14907322555581,-1.04994112627221,-0.00346993445402679,0.843411863147829,-1.39542428047427,1.15063570087128,-0.767684732647997
"PPP1R27",-0.387708748229465,-0.870320260427735,2.14001469834304,0.560382840942836,-0.503653676758421,-0.338392498243714,-0.870320260427735,0.269997904801194
"CTLA4",0.13459047418529,1.44905947230683,-1.1240528081694,-0.297373290566316,0.880406653727341,-0.862330854846992,0.908649981458202,-1.08894962809496
"ICOS",0.0223226059452325,1.67404061659895,-0.829030987198661,-0.453736054173399,0.620211250577666,-0.978179716849795,0.962356874170679,-1.01798458907067
"BCL11B",0.0497422700664703,1.37739320206557,-1.19570833495844,-0.331159936373423,0.747473813280044,-1.16769405439166,1.12701926981073,-0.6070662294993
"IKZF3",0.544530287998193,1.38030989180963,-1.15106298885861,-0.350482896675787,0.413578425878405,-0.961140468054577,1.12229606733833,-0.998028319435584
"LCK",0.138762168140307,1.42925165856158,-1.0387011751753,-0.276179627783883,0.577641135002767,-1.28984059376892,1.14607028850628,-0.687003853482833
"CD3G",0.163648111797429,1.38294040330207,-0.993713736105144,-0.37897241499259,0.577086041618592,-1.26668426227161,1.22198475154349,-0.706288894892231
"PYHIN1",0.0631359177443039,1.37576319566717,-1.15056990135721,-0.268305568466689,0.439418763452718,-1.11880661814655,1.34094192118711,-0.681577710080843
"TOX",-0.0475857296015181,1.47877644811945,-0.375010797320488,0.349265395691586,-0.21302919795252,-0.998528832317186,1.2234917000498,-1.41737898666913
"ITK",-0.000154743291927943,1.39611602449873,-1.10133106963142,-0.230552804958647,0.608903882842179,-1.24592766472189,1.20776083073203,-0.634814455469044
"CLEC10A",-0.305756696885211,1.3956290298279,-1.05427065287158,-0.47023926508995,0.608526044806229,-1.19484618793807,1.31886682047373,-0.297909092323051
"CD8B",-0.337670218509749,0.966029460430838,-1.1814436732038,-0.195123438642487,0.680327372761001,-0.108311446444808,1.50738894575229,-1.33119700214328
"FASLG",0.288921388454109,0.852391009134693,-1.01232192820694,-0.158227025090848,0.917632403720112,-1.17632441486462,1.34248060243819,-1.05455203558469
"CST7",0.0129326908726996,1.14240436682681,-1.07282548141346,-0.347501087566785,0.565427567470536,-0.948555664168969,1.54748413676693,-0.899366528787754
"C3orf52",0.848275372149986,-0.777097258244683,0.165185380464088,-0.123530858537981,-0.993822019595512,0.8199461639813,-1.37875934249193,1.43980256227473
"FAM83B",1.48466836643511,-0.356643093257083,0.827814706450266,0.86401927292518,-0.974964766586255,-0.715676322440778,-1.3184138736462,0.189195710119757
"EOMES",0.123781994027389,1.27330702246389,-0.870335925659992,-0.298529754096302,0.481740829792962,-1.20173099239372,1.41199097577674,-0.92022414991097
"UBD",0.34474154957821,1.22965507969869,-1.07918637351166,-0.427697102999701,1.11078255172544,-1.48901010728468,0.666372324173418,-0.355657921379718
"MMP1",2.3568426095931,-0.426750119505801,0.022594028520909,-0.61279189952081,-0.802191409634952,0.11539879806892,-0.418892193007285,-0.234209814514082
"ADAMTS8",1.05095780202531,-0.365524308411738,-0.366137994316262,-1.22149894411387,-0.837463038242894,1.7369123128379,-0.45554219732941,0.458296367550963
"LY9",0.134623497728953,1.54845274475575,-1.03300068484842,-0.279183136948971,0.203379600814592,-1.155265034511,1.26372822857533,-0.682735215566246
"CD3E",0.290550533734707,1.36128432338769,-0.993556420634088,-0.259835187085144,0.561188631825349,-1.36292796558881,1.13812748859378,-0.734831404233479
"SLAMF6",0.414403391821609,1.51527617133421,-1.03986629555924,-0.365502970291091,0.353927618099763,-1.19620229948011,1.08380061870195,-0.765836234627089
"BEND4",0.209720600235536,2.01203297581816,-0.590747251396877,-0.325789996777244,-0.0458518607390849,-1.11530635818386,0.701350574781291,-0.845408683737912
"SCML4",-0.0958688841802481,1.39000504408397,-1.14445988384177,-0.298830502807441,0.530946269872601,-1.18640975053117,1.30962086567883,-0.505003158274763
"BTLA",0.193216118919496,1.85889424043294,-0.780368338672458,-0.587185033228145,0.193253650981122,-1.0260238112812,0.92626951679277,-0.778056343944522
"UBASH3A",-0.0498591240284086,1.1676021203051,-1.30177920354664,-0.29192466854451,0.803971873620455,-1.23385066553678,1.25146202413563,-0.345622356404845
"SIRPD",-0.318833699014774,1.33123355655116,-0.874680451755837,-0.00645569660908502,0.136648136919657,-0.916581062232328,1.60727562164664,-0.958606405505436
"KLRB1",0.139531516617074,1.18642430019579,-1.11668061942745,-0.558504575802365,1.06815435087296,-1.34838869136513,0.969257375296668,-0.339793656387543
"CD2",0.119912150673318,1.22944913921225,-1.01869703425637,-0.289344829964731,0.806995642133124,-1.41104984219287,1.16226833941925,-0.599533565023967
"CKM",-0.484605055240269,-0.879165898964064,1.62446535788062,0.271335279039639,-0.488988124754786,-0.698720578767993,-0.753233430572426,1.40891245137928
"FCER2",0.511725148104385,2.19359050621215,-0.741262156580969,-0.717443916797928,-0.235094671872121,-0.73979903874796,0.197770470224931,-0.469486340542491
"CRTAM",-0.0882136089406722,1.42511851974004,-1.00565430354022,-0.390226834488957,0.240460397146669,-0.96619483066726,1.51003125374378,-0.725320592993386
"MIR205HG",0.940616915033647,-0.59690087588619,-0.708755188966475,-0.844969750981359,0.622024754620349,-0.298576172030664,-0.912002881587733,1.79856319979843
"PDZK1",0.85758445898637,-0.819572075277,-0.625896043952345,-0.650799755788626,-0.0049706314804255,0.673394878086391,-1.1573476594741,1.72760682889973
"BEST3",-0.355614580115513,-0.605337789976121,2.20526697597334,0.25994324237492,-1.01144887109921,0.343413508394597,-0.625156922028151,-0.211065563523859
"COL4A6",1.56482066729433,-0.338108140789655,-0.737924305902042,-0.85214166860056,-0.337733796668175,0.0487200612844014,-0.864847941681332,1.51721512506303
"KLRK1",-0.0401818462055796,0.863433667648199,-0.997927756006933,-0.135177109190693,0.459686301139058,-0.99021860038392,1.77919357830302,-0.938808235303151
"CLDN1",1.33976916535622,-0.905194267430213,0.825246740292133,-0.035111053996324,-0.203652636698662,-0.694954020197413,-1.41320587038099,1.08710194305525
"SLAMF1",0.549284009643854,1.645825489237,-1.06885694057887,-0.492306842673236,0.47097175042955,-1.17029988028512,0.743736465665123,-0.67835405143831
"P2RY10",0.423979746641402,1.54431793401141,-0.985971678834661,-0.534629810768942,0.378623012577206,-1.1425453948712,1.07424333748015,-0.758017146235369
"PVRIG",0.168759503576993,1.51150022909118,-1.16252437064667,-0.397585378789857,0.555801233503849,-1.10014733065455,1.09757530392641,-0.673379190007349
"WT1",1.21181049128745,-1.1858508051381,0.0494430892347551,-0.758414847535266,-1.26097156166557,1.24701999734821,0.631013402954128,0.0659502335143901
"RAB37",-0.0237822553375382,1.65231541116388,-1.19878621252506,-0.511975157880253,0.0123756977618026,-0.544001686179104,1.32809842821217,-0.714244225215904
"CD27",0.321694634185638,1.63795058610859,-0.933407700358097,-0.468161583128643,0.141075620451451,-1.00825642508956,1.16424272745065,-0.85513785962003
"TIFAB",0.0255614940659687,1.4167403257733,-0.930652836183827,-0.717074990138011,0.618245170556852,-1.10315755456941,1.28708612060624,-0.596747730111117
"GVINP1",0.11068068404647,1.49151667308497,-1.11968745428177,-0.154106222900051,0.581566639954904,-1.21904551970504,1.05276463174933,-0.743689431948816
"CD5",0.0962550168351153,1.58241717828245,-0.993319052461886,-0.464009690461666,0.667854005919797,-1.29800994564466,0.935939050817988,-0.527126563287143
"TACSTD2",1.01211801037183,-0.615231057101531,1.03285040829788,1.0842919237116,-0.840367111676513,-0.395799003849814,-1.55416326690298,0.276300097149531
"GBP5",0.50066258250388,0.529105877683561,-1.20694065160007,0.0904714454782747,1.01666254866994,-1.15674331941493,1.25512635748615,-1.02834484080681
"CD209",0.150028020845429,1.42826488264132,-0.874576498693316,-0.156536473218504,0.235072723258351,-1.29491743556974,1.32513554333749,-0.812470762601025
"C5orf20",-0.0247418829696871,1.59577505939363,-0.845878257795921,-0.743877687516095,0.448728520851519,-1.02999822374443,1.23321021151694,-0.633217739735945
"CST2",-0.543347348439176,-0.993371976237211,0.490374662239925,-0.286061070043985,0.147275349774956,0.114360261664757,-1.01181319866507,2.08258331970581
"GPR18",0.186370662446298,1.93892933785623,-0.730506399533215,-0.591109714389514,0.276581325585861,-1.13230280882644,0.719851583938726,-0.66781398707794
"GP1BA",0.621954120357005,2.08100067360148,-0.623935417313477,-0.734668380645832,0.176043078605643,-0.865876879372458,0.0962068194830532,-0.750724014715416
"AARD",-0.427365062376291,-0.946830833316111,1.20935443464847,1.18408194390517,-0.386312546297198,-0.537884471954315,-1.19058965665957,1.09554619204984
"IL21",0.109484995514032,1.33198991030346,-0.790796608941064,-0.671404851734716,1.46311765336811,-1.07757195842205,0.437772285261207,-0.802591425348988
"S1PR4",0.413030620704973,1.43724780085693,-1.27365159397035,-0.588686330465739,0.731781997337818,-1.04631396405552,0.908740464397385,-0.582148994805494
"CD96",0.343321293214125,1.17614710951529,-1.01468822779928,-0.193072994239736,0.696078021072935,-1.55430902098091,1.1045842896323,-0.558060470414729
"CD52",0.100834043662271,1.45450144756016,-0.825334691822957,-0.410295799161126,0.688533085493703,-1.56837921875366,0.96343277290619,-0.403291639884579
"C14orf64",-0.673253892516457,2.1093981890198,-0.62764441403665,-0.219697209600573,0.241269819659721,-0.932167217289378,0.65213204390085,-0.550037319137314
"GZMM",-0.27615537412426,1.43637982236583,-1.37374699946456,-0.387699360464486,0.7382748914977,-0.650625954947134,1.18490745315911,-0.671334478022197
"GAL",1.27563707035277,-0.747676097615444,1.33597457419772,0.617967554337983,-1.09239202149888,0.269313134554407,-0.777838002325565,-0.880986212002979
"ZAP70",0.229379487852161,1.32463191927874,-1.36790017210323,-0.422770320969229,0.711708200168622,-1.08566469906451,1.10256170637677,-0.491946121539326
"CD48",0.0858492785546118,1.37770378657302,-0.797183421855895,-0.342230945958595,0.634871392605161,-1.42380248728871,1.18204022543834,-0.717247828067932
"CD40LG",-0.0600108060004771,1.98543282149798,-0.740555615132746,-0.562467773927199,0.696543916366703,-1.21473846588633,0.282166106834581,-0.386370183752516
"MYO7B",-0.508578737494881,1.36117431777632,-0.266649720742837,-0.183331824370795,1.36754710210565,-1.43346514218924,0.464956836677889,-0.801652831762119
"TOX2",0.1617275835683,1.71684353509103,-0.833571587523479,-0.333628746889186,0.12755066469951,-1.24732189467647,1.08869617803145,-0.680295732301159
"CXCR3",0.27013048573848,1.15725486695316,-1.03209749514906,-0.518039568055245,0.851970514949037,-1.14624311860262,1.23989927534541,-0.822874961179165
"CTSV",1.48288615990816,-1.35112116964151,0.767822264696713,0.286521631648058,-0.894315625146397,0.275594156601203,-1.07967038221816,0.512282964151937
"PRKAA2",1.90826253290574,-0.396515677799891,0.114585601683585,-0.680264192529351,-0.936840819330446,0.0407456506897372,-0.985413694203286,0.935440598583901
"PRKCB",0.379298346459215,1.50085271276729,-1.1839342595843,-0.564211078030211,0.555924394141741,-1.26536553336532,0.923785316063496,-0.3463498984519
"CXCR5",0.476622711894684,2.20894438159248,-0.602117671111887,-0.650861432395844,-0.346450042069278,-0.629875243719972,0.265007032931384,-0.721269737121565
"COL4A5",0.776531000363808,-0.90437994732982,-0.11268078850133,-0.433854111909014,0.148081449815409,0.949408347222589,-1.68894197539045,1.26583602572881
"RGL4",0.172729973707096,1.49245825307339,-1.1413392584211,-0.44576236323934,0.580492372924651,-0.856022332909811,1.13605859547512,-0.938615240610001
"PTPRCAP",0.350471055275081,1.50356212134644,-1.22471067157006,-0.540091150331975,0.626047312829484,-1.08379898226716,0.955751318649262,-0.587231003931078
"CCL17",-0.596201231956075,1.56462191337225,0.347969565277069,0.789962635432914,0.372601751665554,-1.53099169509982,0.0355742553273421,-0.983537194019237
"SEPT1",0.284049466055312,1.52097127117677,-1.17968552438703,-0.424188088963216,0.492538333927058,-1.1893694609429,1.03977753597915,-0.544093532845148
"MYOM3",-0.607524170178513,-1.42246374604912,1.50942503079759,-0.210456014729342,-0.353871304147299,0.605583762299193,-0.676324860163179,1.15563130217066
"CA3",0.824411167941132,-0.848468998395462,0.237970512358354,0.192507856094983,-0.700749990270567,-0.237293065627276,-1.28629820028627,1.81792071818511
"CD6",-0.165667583515302,1.29307110142579,-0.552602230790071,0.016629370934978,0.767963513558331,-1.76990795642353,0.976059299267461,-0.565545514457665
"B3GAT1",0.034264268641219,1.32703976524263,-0.686989197075859,-0.109238472675439,0.936294085816382,-1.25653693879857,0.94257169571355,-1.18740520686391
"CD69",0.107640515572227,1.42667871594233,-1.01946188116918,-0.375774975522233,0.779503775462423,-1.31186926796125,1.02323973328328,-0.629956615607602
"KCNK15",0.25284695209499,-0.7564473417175,-0.848995655458435,-1.07517044544872,0.959175951618503,0.835929720894379,-0.838689908671449,1.47135072668823
"CNR2",0.277817426620858,2.26150560839552,-0.631799407187217,-0.68069921240265,-0.239850293440733,-0.628045703795388,0.28394898556044,-0.64287740375083
"KLRC4",0.381683110486275,0.891668999997715,-0.947057645346483,-0.235356531961274,0.51898748322655,-1.26469090736015,1.55697281820352,-0.902207327246151
"CCR4",-0.0283964557092271,1.75038088864617,-1.07662423775124,-0.627602020107125,0.709913639792302,-1.06320195527123,0.755851088481153,-0.420320948080796
"HGFAC",-0.537814381500254,-1.37056295463732,0.245821136310716,-0.439157514549662,0.481780650008601,1.00374485177046,-0.946809325431051,1.56299753802851
"IL2RG",0.459365857434514,1.30155683777606,-0.985250868889123,-0.396778391406773,0.655680319462768,-1.44194702871333,1.03274514935516,-0.625371875019276
"LMOD3",-0.526445427635425,-0.958217807840268,2.19856556275428,0.374810442468134,-0.231799655617133,-0.364873015851253,-0.757187984239681,0.265147885961344
"GFI1",0.454284809935058,1.16238264876927,-1.16679375349403,-0.239372823196628,0.77434179335092,-1.41046515651849,1.03262538375519,-0.607002902601286
"EPHX4",0.760024874071408,-0.770026170509205,0.124835680659606,-0.515020813928342,-0.834682821175022,2.07185558486742,-0.741786735926754,-0.0951995980591121
"CXorf65",-0.191980836975526,1.62257236191431,-0.965713980344551,-0.465831979078719,0.469525177795959,-1.15664266215469,1.17644263310034,-0.48837071425712
"TBC1D10C",0.214675157610784,1.35329855622513,-1.19447097857637,-0.564799543690808,0.792372837301893,-1.23402196581899,1.03263040446221,-0.399684467513856
"MMRN1",-0.946761041652439,1.11407013180349,-1.35243272242779,-0.239295243324969,0.133527084837265,-0.1276446570808,1.69311509246011,-0.274578644614858
"NCR3",0.553982261513063,1.97264391531841,-0.872861765299028,-0.494501717700085,0.102250838582689,-1.15638118364456,0.417625778916699,-0.522758127687186
"SLFN12L",0.357886921893422,1.25159625492875,-1.52593820152346,-0.285316244256756,0.535142670001812,-0.865361696373397,1.19303226442745,-0.661041969097825
"SCIMP",-0.2958825335373,1.5169241677214,-0.444446861021925,-0.0787142361079531,0.626768247488683,-1.5313771320293,1.01120308872273,-0.804474741236336
"SSTR3",0.496439588784357,2.18163193693715,-0.886213232328715,-0.605543153932875,-0.174765649819385,-0.551046723992325,0.217937471917796,-0.678440237566001
"EBI3",-0.383084505124712,1.57372628195794,-0.221268018369442,0.310218345363843,0.872088251275281,-1.6790816880758,0.28327208139156,-0.755870748418666
"GRAP2",-0.0904745999154755,1.36343249470599,-0.986616028945126,-0.332293827557683,0.652687079085178,-1.44840452810791,1.18600004828817,-0.344330637553153
"ST6GALNAC2",0.320376476435427,-1.41935245246233,0.729266097900531,0.777541461044665,-0.857779809227576,0.992059998897159,-1.24045929415002,0.698347521562135
"SLC14A1",-0.473510987117068,1.75120338748451,-0.596408363626511,-0.129093877742054,0.239704996542931,-1.31392316976057,1.10261862628996,-0.580590612071192
"BLK",0.334772057128091,2.09600579021852,-0.851863406967284,-0.851371722010326,-0.090055054169812,-0.715492085480422,0.549443755742282,-0.471439334461053
"DCDC2",-0.108646509404539,-0.8861620498246,-0.799482225711526,-0.813145224637702,0.478932540082438,0.704535273371884,-0.545582347638504,1.96955054376255
"SPOCK2",0.140712587114488,1.58412480843392,-1.16421707626543,-0.547899720009183,0.747947146038188,-1.13488810934166,0.857086547589979,-0.482866183560307
"ESM1",0.157846910778442,-0.742937342577452,0.630667327702029,-0.970203387752269,0.329946743635598,0.561898651595044,-1.50987291477252,1.54265401139113
"C16orf54",0.346836492285714,1.57159679534807,-1.08600756106692,-0.566505917615082,0.448179480834091,-1.12364848005304,1.03004138826558,-0.62049219799841
"CCR5",0.162607477634101,0.804033144973626,-0.937132302533868,-0.14193003610315,1.01617432981282,-1.49875205065295,1.29068859260624,-0.695689155736817
"VNN2",0.290341691086886,1.61001455931316,-0.725611939278587,0.113121220025705,0.421016544585251,-1.74642264517394,0.546166763095852,-0.508626193654328
"SLA2",0.175321552641046,1.08819438427756,-1.0847122504319,-0.416075415064183,0.869843745408654,-1.22244601213908,1.29753309248897,-0.707659097181067
"TSPAN32",0.134640949691897,1.08478157122357,-1.32980586055862,-0.433330191357824,0.565139942740845,-1.16360587619283,1.44381916377468,-0.301639699321727
"MIR142",-0.00506427506954138,1.75454580905818,-1.33712623616485,-0.582716107996297,0.600266731968413,-0.960468029424025,0.695694612497191,-0.16513250486907
"AMICA1",-0.15299901462414,1.07109050248317,-1.0710296232262,-0.392501881228243,0.415317916297253,-1.22707256085328,1.66068936829243,-0.303494707140994
"GABRD",-0.471284679577317,-1.37482680325934,0.785039982238937,-0.13440683413107,0.0430029875080612,1.3059523472985,-1.20240511496869,1.04892811489092
"GIMAP7",-0.0211106685099369,1.50989750301275,-1.03755829203652,-0.52566063225165,0.609314757692197,-1.09684276786287,1.18505124520329,-0.623091145247262
"FGL2",-0.350980911955377,0.818296391125164,-0.580367575595137,0.253144010404788,0.976899476895575,-1.70996944471494,1.23247925841895,-0.639501204579025
"NLRC3",0.299298206056396,1.21683914921481,-1.26898549969199,-0.459761408089287,0.856309342736716,-1.21128009189195,1.0732454906403,-0.505665188974996
"CD7",0.841697607238173,1.24030410063051,-0.996990427500958,-0.192895552114764,0.491548587801481,-1.24425645014709,0.910724765354817,-1.05013263126217
"NCF1C",0.173623364369759,1.19325740329828,-0.795101556333957,-0.0425763896666119,0.376436506081155,-1.30611967222816,1.4217448117168,-1.02126446723726
"ABCD2",0.610319193639977,1.23586761265367,-1.00476634997415,-0.516317371555971,0.617537918800867,-1.15349955495498,1.12764689217234,-0.916788340781746
"KLHL30",-0.430407293823266,-1.4050766132597,1.58175169360187,0.88785522382881,-0.720249823753868,0.775192328111285,-0.655334428554565,-0.0337310861505641
"IL18RAP",0.447010188309969,0.909090688944723,-1.22733827284702,-0.133714928440464,0.877634975032622,-1.43083270422864,1.13820422961234,-0.580054176383542
"LRP1B",-0.458375761906497,-0.649575636992524,-0.718642578643708,-0.807412882841332,0.851569526695504,0.410335456934144,-0.611003957799958,1.98310583455437
"DOK2",-0.0359545730594423,1.01803413929455,-1.06741295624128,-0.276866757385473,0.692772756907862,-1.21834022237384,1.53657211560552,-0.648804502747899
"CD247",0.698211042361577,1.30816664657184,-1.11957887843262,-0.440027747452141,0.475285283102328,-1.24881812738801,1.0338091286416,-0.707047347404572
"RHOH",0.340615799127833,1.72100809126258,-1.33187636757756,-0.709438074907242,0.493981827086414,-0.847307317051891,0.726649703730678,-0.393633661670808
"LOC285556",0.305931402818324,-0.666791892986927,1.53915886910456,1.02626170436964,-0.695418545381334,-0.962433300891265,-1.13365687855886,0.58694864152586
"PTPRC",0.224514366416883,1.44061763133762,-0.777280359439666,-0.314432616053168,0.474719704368134,-1.50503432509637,1.11623088111765,-0.659335282651074
"RAC2",0.263070774720732,1.57793858428922,-1.07846851887035,-0.441589316694225,0.39577278695423,-1.20449774137369,1.06741441782508,-0.579640986850994
"LTB",0.510718691824157,1.82621431798719,-0.697187042015677,-0.726299734989722,0.500814431535268,-1.27574682244273,0.432035665268543,-0.570549507167023
"FAM65B",0.569538255871069,1.92666008672878,-0.937262792803035,-0.507564656159345,0.0720082519210855,-0.983001502143248,0.580270085297429,-0.720647728712727
"LILRB5",-0.75071572717832,0.177243233797107,-0.513761319995969,0.160157748261583,0.159655207403191,-0.585084546308342,2.23075590066511,-0.878250496644355
"NCF1B",0.408360452099004,1.3361354413011,-0.830432508349105,-0.0734789107786377,0.593843946297721,-1.62069162216166,0.916638603065781,-0.730375401474205
"PTPN22",0.227819642773481,1.15989397565211,-1.05069948063655,-0.169438796584724,0.571801587678734,-1.41432254067236,1.3159982723624,-0.64105266057309
"SLC27A6",0.398078922683983,-0.552712280831589,1.44427712086507,1.47453787682543,-0.958945826684175,-0.180129805958001,-0.771715878528709,-0.853390128372003
"IL2RB",0.798750194654551,0.994752654292744,-1.08385471974883,-0.314453545524362,0.701710428526031,-1.17718459329572,1.09310220671866,-1.01282262562307
"SYT12",-0.0279799018870231,-0.960623604251559,1.07715971438348,0.841623545617735,0.255805971490726,-1.04013627559607,-1.30780528091592,1.16195583115862
"BCL2A1",0.118944086644096,1.32467232361717,-1.04443272518688,-0.576819056422982,0.847140347842342,-1.40360268913962,1.01909892887976,-0.285001216233889
"ITGAL",0.292381006220674,1.23507896806026,-1.17227319827551,-0.442139186670797,0.606860588739287,-1.39350643560288,1.18768356063836,-0.314085303109395
"ANKRD1",-0.396554011635622,-0.640037640961655,1.31304503894326,0.222537076543958,-0.168046378697931,-0.846585955569056,-1.11724198540978,1.63288385678683
"IPCEF1",-0.156105047267351,1.64727398418836,-0.705083084658544,-0.205272236672266,0.425687669250272,-1.37730680946618,1.07307059999588,-0.702265075370167
"JAKMIP1",-0.251799591764736,0.350439315409473,-1.68408822802306,-0.444914373468981,0.980677638862924,-0.335621514462335,1.62693905557352,-0.241632302126812
"SIX2",0.862423913641108,-0.646643618734395,-0.184529221061289,-0.589301754639704,-0.776777896541365,2.12790626650458,-0.322733892278856,-0.470343796890078
"MAP4K1",0.238358472293836,1.51581625224889,-1.4841499802328,-0.633244477016543,0.424046837520713,-0.556568221329369,1.09324712047709,-0.597506003961819
"FCN1",-0.197551964013941,1.19828955895761,-0.857248808046082,-0.627764286511748,1.09053770986449,-1.453268594096,1.03019084868349,-0.183184464837817
"HLA-DOA",-0.311996737732004,0.907332921658896,-0.826915922261659,-0.111658408937328,0.53567303245028,-1.35645230502151,1.71751976926901,-0.55350234942568
"POU3F1",-0.241928720185015,1.96709221607443,-0.844192986256276,-0.528364819820932,0.660815225219661,-1.11803627324737,0.492780987137925,-0.388165628922413
"ITM2A",0.10353141892753,1.44075885588298,-1.08357748489106,-0.722512434416738,0.178603362265453,-0.507914529447866,1.46874517198191,-0.877634360302204
"HVCN1",-0.11845076627615,1.68280377690224,-0.838342724409874,-0.350927649943177,0.226606313280733,-1.15392586461001,1.22290090295486,-0.670663987898618
"LY75",0.371903694548043,1.50023288492712,-1.1872187679525,-0.815703739144435,0.991003666437144,-1.0775933858961,0.538342383472593,-0.320966736391865
"LOC101928412",-0.602938590751284,1.39170950993974,0.658237642754321,0.953644533444848,-0.0446683308902277,-1.40674430163321,0.205615568525099,-1.15485603138928
"HLA-DQA2",-0.00756798635793519,0.981727580621079,-0.254788023960275,0.299796093050085,0.907274637873154,-2.19208895282951,0.462727653652681,-0.197081002049282
"PLCXD2",0.42780331159922,1.28072584835505,-1.29348876394644,-0.657123325427112,0.745237254463851,-1.01790106838862,1.07829301612718,-0.563546272783123
"FAIM3",0.299068404388714,1.932386739121,-0.719152506869223,-0.432064351603816,-0.0997294413920993,-1.22453815985096,0.805156234903699,-0.561126918697316
"APOBEC3G",0.398232343114864,1.09526670841713,-1.20420260021395,-0.427508059744681,0.669695693134749,-1.08540582745874,1.33264122417892,-0.778719481428289
"MPEG1",0.0303364851661337,1.27615589257059,-0.639102383436282,-0.173255422722518,0.294200648668269,-1.34598568249752,1.47847477147458,-0.920824309223253
"ASB2",-0.277694811849064,1.71628972131179,-0.368832367854707,-0.152019180391776,0.566519332682205,-1.60767135552755,0.734356487072998,-0.610947825443898
"EVI2A",0.0134330301547252,1.06910497200272,-0.844995626135506,0.11983535251901,0.576354337307504,-1.4972770834426,1.37622248766209,-0.812677470067947
"CAMK4",-0.0488793615673829,1.46683477606822,-1.1124129995448,-0.646855493646213,0.592059600337467,-1.25435266679598,1.11928748783236,-0.115681342683677
"CIART",0.770259606753314,-0.888143018576321,-0.684132410673095,-1.15872446316958,-0.0246235898659324,1.47354092602133,-0.611357812207378,1.12318076171767
"PRDM8",-0.053274027054246,1.68174274757801,-1.31860067891282,-0.419826418447627,0.170282951911059,-0.384110332895451,1.16811989030553,-0.844334132484452
"HCST",0.224579911939851,0.837181584249119,-0.993368273241234,-0.0257774725109311,0.8097365989987,-1.49208547098323,1.36260914835147,-0.722876026803736
"IL21R",0.756529421048146,1.55908359474018,-0.958805106604209,-0.449275964847995,0.739913347402348,-1.34663993195169,0.33416550644933,-0.634970866236111
"LTA",0.360534180848603,2.03529459034562,-0.71464956903281,-0.80367465537411,0.136579962730082,-0.78251446225789,0.559928955611552,-0.791499002871047
"BZRAP1-AS1",-0.0788972523705911,1.96694718276268,-1.15752120279214,-0.545154612846156,0.113921498569735,-0.700798894467815,0.872743261152724,-0.471239980008428
"SAMD3",0.187940713824915,1.25191376899259,-1.24124176238592,-0.483853431861111,0.590603972166918,-1.31880927622779,1.22121148725995,-0.207765471769558
"AIM2",1.11206178806103,1.25044096927668,-1.09759485085536,-0.456834416256826,0.304062540236595,-1.06253998926574,0.859404637329507,-0.909000678525898
"CD72",-0.0929540840534364,1.57220646849242,-0.77981342278846,0.658981920237042,0.483260208288348,-1.62826845081752,0.426955164300341,-0.640367803658737
"HSF5",-0.308376998337924,2.13653291935026,-0.798109458812781,-0.630600393608198,0.118304940416431,-0.700112836558308,0.717564656320147,-0.535202828769625
"ACAP1",0.499889304739557,1.31799756165317,-1.28430462248399,-0.50207862292638,0.551665794583931,-1.32281224896445,0.995828065276784,-0.256185231878617
"RAB33A",-0.267518061445802,1.59844539282901,-0.924196380790075,-0.262768381575277,0.208065854971835,-1.03970254383182,1.36596709399623,-0.678292974154104
"PARP15",0.295800802699127,1.83982588081102,-1.19908313207131,-0.453795276419346,0.133203064478378,-0.901158270164961,0.854400951272713,-0.569194020605617
"TTC16",-0.57191445952402,1.06613996287434,-1.42306332550675,-0.868693751517332,0.842605373268554,-0.0470457797111586,1.37915178400122,-0.377179803884852
"IKZF1",0.16047667815043,1.48791004571844,-0.91205467539088,-0.533902631827847,0.625162200395016,-1.45082618583235,1.00210266377524,-0.378868094988049
"GPR114",0.929174974555728,1.69095155008932,-0.890031600360959,-0.546081252802856,0.332968468851905,-1.2561037280518,0.351360745983476,-0.612239158264807
"KLRG1",-0.269510768263655,1.4416031694514,-0.768550455075724,-0.295287053652813,0.642889928663883,-1.3916635433247,1.21917899227582,-0.578660270074206
"HLA-DQA1",0.175523149912677,0.9718944720901,-1.19246937368136,-0.752615249863334,0.45750471557541,-0.775862181818662,1.69866376726569,-0.582639299480527
"LDLR",1.74874608481021,-0.52167538618722,0.480839707879163,-0.00780985083433484,-0.668701696029066,-0.00996609166431201,-1.62192076952186,0.600488001547419
"SELL",0.493602630321267,1.84678158041317,-0.84978328430656,-0.83797019404648,0.242291006987143,-0.97277514554377,0.714723110635151,-0.636869704459927
"PSTPIP1",0.0477298351532571,1.12797032885965,-1.4858871039566,-0.378790022597694,0.764377709683251,-1.21953946331549,1.14127316453765,0.00286555163597034
"FAM26F",0.322185873179352,0.739713486026695,-0.391225461971003,0.18712794536575,1.03687027712309,-1.46622307164267,0.978304643502739,-1.40675369158395
"GIMAP4",-0.113556812761254,1.30186715452073,-0.81401000680903,-0.235532090637013,0.731967689445614,-1.39647595843847,1.25030001433645,-0.724559989657032
"P2RY8",0.500335132054565,1.54155079619939,-1.0765710656987,-0.543604009758204,0.478396006368091,-1.23511731805788,0.91191163302741,-0.576901174134681
"STAT4",-0.0157806778107368,1.39372563950889,-1.68391474302084,-0.490154724976849,0.4940374068771,-0.176067732230252,1.13128548252389,-0.653130650871206
"HLA-DQB2",-0.604978048499071,0.659496434561195,-0.870520486539324,-0.2639890015883,1.29531449230384,-1.56504899137296,1.08319619660669,0.266529404527923
"PTPN7",0.465392895501978,1.46218961341462,-1.09140961002437,-0.553484994819564,0.535013203241654,-1.3169241561092,0.957689989005661,-0.458466940210783
"PHEX",-0.376450957057057,1.64798887083037,-0.949695658827301,-0.35672359672816,1.22390429198491,-0.955219134804784,0.464272062041717,-0.698075877439696
"KLRD1",0.463848688596941,0.795066579659898,-0.647720406377155,0.0495408117669159,0.538002009392974,-1.19828162620012,1.4149384616678,-1.41539451850725
"LAMB3",0.947103023650426,-0.973048901133591,1.11504452754679,0.833923787590922,-0.770453512550947,-0.60983111898266,-1.29719631176397,0.754458505643028
"PLEK",0.103400289896526,1.43146688098898,-0.881229946166643,-0.5194093258146,0.728391040369171,-1.41243337544408,1.05503194466681,-0.50521750849616
"SASH3",0.111107153329449,1.51945219917241,-0.972200202204448,-0.532604893108867,0.547317113207028,-1.34372336307275,1.08367199354226,-0.413020000865075
"TMC8",0.0934637925698147,1.55761366456831,-1.18030269658951,-0.575730010293308,0.507331424889435,-1.14169179878034,1.07901863584929,-0.339703012213688
"GIMAP2",-0.133989081496067,1.19345761284886,-1.00407775429256,-0.271349914112965,0.936590406424931,-1.37890284980997,1.18956229620046,-0.531290715762687
"IL12RB1",0.18117271206474,1.20024160824221,-0.981789823993561,-0.378870888273234,0.90825784760066,-1.42597510198798,1.09621951245484,-0.599255866107675
"GIMAP1",-0.173242217838404,1.35855444262203,-0.995938049390352,-0.238335450499637,0.799670729443675,-1.28074544140927,1.17478976166983,-0.644753774597863
"TVP23A",0.313401643050416,1.76758139634175,-1.18052234072923,-0.477780237503895,0.681343521715964,-1.20664531592631,0.39045737747824,-0.287836044426935
"SLC52A3",0.600429088936726,-0.841169403618094,0.150200263623561,-0.122877241840376,-0.771800202159671,0.984061907520237,-1.4708510951421,1.47200668267971
"MIR155HG",0.0860096064618373,1.68094144521304,-0.98215339292866,-0.0478918494615186,0.289549349287905,-1.24162478190509,0.988351347349458,-0.773181724016973
"TNNI2",0.871911877756779,-0.906547948801784,1.69536597698247,-0.148835711829336,-1.4756793360802,0.231032931148932,-0.490559617306916,0.223311828130067
"ST8SIA1",-0.730504517596037,1.16884221080345,0.885281876221714,0.776395015943146,0.0856628621061178,-1.50536258263477,0.437270707686086,-1.11758557252971
"DNAH17",0.275034564951119,-1.06422875431672,-0.0645126516326727,-0.778874552296928,-0.175808728610775,1.78560184118075,-0.9789147505846,1.00170303130983
"CYTIP",0.807022842499823,1.42714196351075,-1.24576445584281,-0.254605589228321,0.323150924853196,-1.32672082734878,0.76505535585885,-0.495280214302703
"PPP1R16B",0.498584745024084,1.55734833071379,-0.94501041041708,-0.532273466442982,0.512050703788362,-1.33444453553529,0.855723747338642,-0.611979114469529
"ZC3H12D",0.354217323484498,1.91877903818417,-1.02875331312457,-0.589340431444131,0.34576229607449,-1.06729014878199,0.546285462545729,-0.479660226938198
"CD37",0.0428245528993285,1.65613797964526,-0.941495274544959,-0.442346276177736,0.182362574350837,-1.2936042228692,1.15625470753179,-0.360134040835319
"NEB",0.0947694976984661,-0.892052665323193,1.92749335289121,0.0288142065071162,-0.643070260992389,-0.826199439843757,-0.661862336086893,0.97210764514944
"CEACAM21",-0.675920653702154,1.31099400847578,-0.99675316658061,0.249675903571859,0.792498430920933,-1.47252287586607,0.969834361249409,-0.177806008069164
"EVI2B",0.319364991188458,1.38447963058024,-0.596128971805702,-0.138898912186289,0.288671733336184,-1.63012258715511,1.13407767787168,-0.761443561829452
"C11orf21",0.426935832331972,1.1772001159096,-1.34014188087219,-0.469595262184764,0.402623941586904,-1.14525281858046,1.33787007053308,-0.389639998724138
"CORO1A",0.0434934009942733,1.57754519190194,-0.890688951740155,-0.462976351848197,0.393010192542923,-1.40007848704973,1.11601586455077,-0.376320859351818
"NGEF",-1.00272752128461,-1.54342101882427,1.28846463762239,0.567320518800755,-0.494479003792573,1.07880535531807,-0.275951830079524,0.381988862239753
"CD53",0.345505073773229,1.44355033938982,-0.768661791031076,-0.26154747065104,0.481128465335069,-1.58771181848486,0.987737949632198,-0.64000074796334
"SYNPO2L",-0.644210419692751,-0.726550193825648,1.81563197012658,0.054722048842403,-0.410236858477979,-0.534796867329939,-0.827063933951203,1.27250425430854
"C12orf79",-0.193157769779588,2.00981452118992,-0.94498863374062,-0.670054254573799,0.591735374631594,-0.758074116623251,0.555036062660748,-0.590311183765
"DHRS9",0.104144167373914,0.929909910013467,-0.850584881073871,-0.307393149629193,-0.253246602933199,-0.91096801942151,1.98249920642251,-0.694360630752123
"P2RY12",-0.39624999771488,1.99419478283543,-0.451275217402628,-0.430759147387271,0.440699818822722,-1.3193324728428,0.59559675137766,-0.43287451768823
"TNFSF8",-0.657808672374618,1.41399933373178,-0.871307000401895,-0.142098823605138,0.0683337362510594,-0.914133056779096,1.63314869097943,-0.530134207801529
"SNX20",0.221342026687869,1.32465408055007,-0.982252232642872,-0.596490837795192,0.773493169219763,-1.37750856710186,1.08555906685043,-0.448796705768208
"HLA-DPB1",-0.283703558012667,0.883164877259134,-0.941709639745622,-0.0877349385331201,0.62468257836232,-1.50039290484985,1.58857981116062,-0.282886225640817
"APLN",-0.458409424947168,-1.17490078781536,-0.29158977333421,-0.66052173412266,-0.390435543622816,1.77909037939623,-0.0552324239826068,1.25199930842859
"CCDC152",0.0534637726259726,1.8963221849127,-0.998303805644776,-0.264962710053701,-0.0896017140163298,-1.10491388118346,0.952709344672543,-0.44471319131294
"PTGDS",0.685786765299048,1.80299608037934,-1.12008916505691,-0.558957682647249,0.0322524076423361,-1.21379895780825,0.476076386712875,-0.104265834521187
"ABLIM2",1.35670503851677,-0.685593283563528,0.754728676230554,0.304549511891743,-0.872579255842107,0.764282266263833,-1.63743403502062,0.0153410815233565
"TNIP3",0.920011677108308,1.07337727634379,-1.25087497003077,-0.466200924857865,0.76997617496994,-0.923488531183301,0.878326699656219,-1.00112740200632
"NCF1",0.23944315064962,1.15039472979417,-0.675012855105559,-0.100704765077156,0.402823151439,-1.52672083484892,1.37969883544614,-0.869921412297299
"TESPA1",0.243509195470671,1.8068710638538,-1.03385912142416,-0.630579084896222,0.240294919417251,-1.23802324766193,0.770565673785853,-0.158779398545252
"LIMD2",-0.268193589651692,1.83627548653922,-0.813841107204128,-0.405466804039228,0.53136974334141,-1.30030428514554,0.788012529502661,-0.367851973342697
"CD28",-0.0665490008997858,1.83468918486682,-1.04667159341737,-0.87490850742639,0.408281076510469,-0.826406033970748,0.900403023941467,-0.328838149604466
"C1orf162",-0.666733284790343,0.559417748196498,-0.256590473087987,0.344753266395437,0.867974212728975,-1.73285354122955,1.41948932020804,-0.535457248421068
"SP140",0.625318257110809,1.5531139682547,-1.15965249380064,-0.419055649023303,0.346935444182854,-1.36504554824771,0.759272801726283,-0.340886780202996
"COL28A1",1.31387336229494,-0.26285205791525,-0.0532057305245398,-0.256804358483102,-1.37001035045954,1.65136775034104,-0.442979999681784,-0.579388615571766
"TNFRSF9",0.683412542819886,1.433476198582,-1.05092374000249,-0.674645373705543,0.00917128476905337,-0.781891990204275,1.24766165664919,-0.866260578907826
"GRB14",-0.269312850790364,-1.07632829267208,1.16210551584708,1.10652740010939,-0.298405945583592,-0.62189327020564,-1.16717107325518,1.16447851655038
"CORO6",1.4937048835729,-1.198839153052,1.41017448229295,-0.0722132372081106,-0.938837329724749,-0.0665505767744288,-0.670888388239743,0.0434493191331767
"SLA",-0.120238404480575,0.969381500811755,-0.994980304875253,0.0860146861116299,0.688441433603588,-1.66772176483834,1.31117729679619,-0.272074443128993
"HLA-DMB",-0.104274103183913,0.909898118076786,-0.712850398927934,-0.173290309897705,0.685254013994314,-1.51786449390363,1.55943275414268,-0.646305580300602
"IL10RA",0.116881112198002,0.954899435928245,-1.02004363400055,-0.0552429387062539,0.653513602204554,-1.52170557746207,1.41267254619721,-0.540974546359129
"CCR7",0.367901002509934,2.02481446381057,-0.920291571228713,-0.893381337487412,0.211829253098187,-0.844830772197739,0.451032542502296,-0.397073581007131
"BMP8A",-0.012953463441982,-1.05999802380809,0.612315861569951,-0.302189115308389,0.227461955480976,0.98800771711787,-1.68913576801342,1.23649083640308
"NLRP6",0.288320589128371,1.79606198035466,-1.39750555478246,-0.538433103766619,-0.0519922514829482,-0.0261306595981203,0.814027962852616,-0.884348962705499
"PSMB9",0.256564534053499,0.826074644340022,-1.20871789525559,-0.500848897481237,1.40891778926599,-1.12087885732024,0.95718961544638,-0.618300933048828
"HOXA6",-0.599448127394387,1.11719956116489,-0.901551958268547,0.282214527993115,0.306558151704595,0.374363382185405,1.14179047992872,-1.72112601731379
"HLA-DQB1",0.175812665890393,1.00666742954434,-1.35865518921763,-0.816319964073709,0.40554563504526,-0.674863993417559,1.63773170916241,-0.375918292933501
"AOAH",0.00833304435481121,0.747863045814927,-0.899655687476567,-0.246865118543914,0.577960110817639,-1.25266428235743,1.77749631561851,-0.712467428227983
"RIC3",-0.583986750596164,0.305421362325065,1.37299621599265,1.62115718626023,-0.584793959614192,-0.884589960711748,-0.347954504993774,-0.898249588662071
"CELF2",-0.0855780490235968,1.22744571232925,-1.14902479638964,-0.319349200296591,0.324875237647729,-0.942763413999647,1.61751909970772,-0.673124589975228
"TGFB2",0.833017084332505,-1.17548761999968,0.648684328807353,-0.273077115874356,-1.38400216846168,0.0385835605657483,-0.252417314764271,1.56469924539439
"KLHL31",2.0686212582343,-0.674794328211457,0.664998505039009,-0.380392207783399,-0.925922316379214,0.0885287021359146,-0.899943511986056,0.058903898950897
"IQCA1",0.187982611749125,-0.475613236773399,-0.922961282901696,-1.06248848282874,-0.523059863781968,1.93044746401875,-0.00463745849639131,0.870330249014316
"FYB",0.0758119556347721,1.18168350860192,-0.780616638513837,-0.281244725478443,0.615920209710754,-1.56222878500804,1.32605884129938,-0.575384366246514
"GIMAP6",-0.161246105604752,1.42994353351226,-1.05389899025741,-0.404085150976861,0.819086191274073,-1.21239085206578,1.11128750774433,-0.528696133625856
"GPR183",0.158112675849739,1.83083274608176,-0.68016722953748,-0.0669872983922491,-0.287040254916614,-1.02695003316535,1.04016947163598,-0.967970077555794
"BANK1",0.686501094639911,1.97285365980367,-0.773043102967824,-0.710734298105744,-0.508746053710103,-0.545723164718888,0.635813612945749,-0.756921747886771
"CLECL1",0.284458340189639,1.86624856166272,-0.739530869419887,-0.369430263959241,0.0118255553995633,-1.258124546893,0.860193791106673,-0.655640568086477
"VWA2",0.629678346969279,-1.01969991886695,0.84270713942791,0.947059979812317,0.0377649978915648,-0.792612357642696,-1.57125491254474,0.926356724953319
"STC2",-0.484097739027672,-1.10352851921392,-0.0501946021923672,-0.107143536072151,0.790597317642526,0.272917175189718,-1.17620617088303,1.85765607455689
"OPCML",-0.641193888967349,-1.57735423795917,0.944090909577975,-0.294607182810096,0.142186228282603,1.13502593666061,-0.795252213800969,1.0871044490164
"GBP4",0.717317959898307,0.708789983115439,-1.3262069155582,-0.170798930598464,1.15667611876346,-1.11023812329462,0.913408950762289,-0.888949043088215
"PDCD1LG2",0.726111366976381,0.658769693971889,-1.28672376086946,-0.160668273206977,1.07891315127216,-1.16009506989803,1.0302603594578,-0.886567467703754
"GRM8",-0.84037541888301,-1.20130430872387,0.719655616925698,-0.245272261849444,0.455086411548401,0.564478110005173,-1.06718406515963,1.61491591613668
"LRMP",0.46592355178777,2.03093827916777,-0.69383818331898,-0.542966909341014,-0.0730674949969429,-1.15058435761149,0.507218616961566,-0.543623502648682
"CYP21A2",0.709092776057941,-0.337200613609251,-1.0064533423001,-1.06779238920487,1.12276268589962,-0.113392023067295,-0.819010115001509,1.51199302122546
"CDH13",-0.244237208436665,-1.72270970121856,0.420487147251561,-0.381948359233567,-0.782815188094248,1.31562111224977,0.290116045849943,1.10548615163176
"HLA-DPA1",-0.272102580710042,0.838325366285913,-0.97836790508214,-0.289214180425228,0.643420492770916,-1.32287227270312,1.70653091763315,-0.325719837769453
"CLCF1",2.01728106936449,-0.235411993083903,0.472804896086029,-0.414878102565275,-1.00940422507141,0.493457490283604,-1.07472265404412,-0.249126480969416
"LCP1",-0.0169003344367694,1.38248794269248,-0.756056344038621,-0.322420987406169,0.467280757853839,-1.68629970823792,1.14296248958854,-0.211053816015375
"TACC2",-0.196896752029833,-1.65352403325092,0.206629751394169,-0.0883846218476237,0.0800356747397758,1.39211579619818,-0.918411452111995,1.17843563690825
"COL4A1",-0.150694065287331,-1.76657787111889,0.674407162807376,-0.352725081743926,0.242282143884514,0.538958682553698,-0.732232052634046,1.5465810815386
"SLC9A9",0.0476179820660317,1.29720553104058,-0.848259265208144,-0.241955667174622,0.553405900179343,-1.48852133150039,1.284553531354,-0.604046680756793
"RNF43",0.963457732852218,-0.607363185610389,0.0147544968733156,-0.158065405710353,0.101354637628825,-0.52051323297362,-1.53619574250314,1.74257069944315
"HLA-DRA",-0.183206867673998,0.830891476524633,-0.838594960875021,-0.0947641051611265,0.609658553798795,-1.54445782889206,1.62562379997461,-0.405150067695838
"TNFRSF1B",0.408636002434179,1.23949216074346,-1.14733600076949,-0.0655978273552791,0.412136186272426,-1.25353549151686,1.24047515774599,-0.834270187554429
"MYO1G",0.165150951325089,1.35869916278068,-1.5145863868479,-0.465611014039403,0.470709429020853,-1.08896647669998,1.09903769973178,-0.0244333652711295
"CARD11",0.162315588063409,1.75808602616397,-1.05202127032086,-0.473374128432008,0.401511813758282,-1.34375472169908,0.740165700922672,-0.192929008456381
"ST3GAL5",-0.0331203294878571,1.25084558868121,-1.26391920782145,-0.557013930076861,0.659038403511265,-0.730781568038903,1.41691502941265,-0.741963986180047
"SPIRE2",0.293645371743472,-1.20647037774754,1.28341081742767,1.24707625450306,-0.57368380918299,0.199233980808758,-1.36801870126928,0.124806463716861
"ARRDC5",0.46271214956286,1.59677240501541,-1.09458839801444,-0.276473990283368,-0.131247439614531,-1.03551919428095,1.17664786492509,-0.698303397310071
"APOBEC3D",0.39118311022306,1.36316604473291,-1.49377814069089,-0.624116353374124,0.502106646277991,-0.936851167921839,1.07716602394398,-0.278876163191092
"ANKRD44",0.115866707705584,1.45669548736534,-1.20402327500085,-0.437783483680094,0.597350022835997,-1.22975149501022,1.09514061434546,-0.393494578561223
"CLDND2",0.161431689146146,0.666745318614184,-1.17545288630012,-0.176000878710185,1.02823625532941,-1.02343123163403,1.45874346173494,-0.940271728180344
"GPR37",1.46635273958526,-0.509977746806885,1.04531640331408,0.832771522222549,-0.639890122872789,-0.574013399194944,-1.423256214567,-0.197303181680262
"SALL4",0.581082000531915,-1.647398335634,0.578872089161927,0.628617742864572,-1.16098533193527,1.15484161795565,-0.58108409103609,0.446054308091293
"FAM78A",0.0284685825415073,1.41929368221214,-0.809229727205809,-0.425114677677653,0.441056643794417,-1.29942930332932,1.33692033038065,-0.691965530715929
"LST1",-0.12454918164115,0.818909421560795,-0.742317984963161,-0.288295439718907,1.25309342072461,-1.66745861486623,1.09896286371196,-0.348344484807905
"APOL3",0.464494964500597,0.896133973683894,-1.40778310139767,-0.533910052305224,1.13340104820691,-0.920476850319733,1.05431021137118,-0.686170193739935
"PLEKHA6",0.100918188052569,-1.5699880509008,1.02809621343001,0.982831553871298,-0.0199153975393787,0.184044307832713,-1.40621126954419,0.700224454797777
"FAM227A",0.165269178686171,-1.70268626603062,0.774227149084316,0.300268359067753,-0.138519724175704,1.07607485982238,-1.26059423029646,0.785960673842167
"TRAF3IP3",-0.0419283185641754,1.61675297114073,-0.746799910830435,-0.334209440374476,0.277002891484018,-1.4880990555284,1.12235846524187,-0.40507760256913
"DENND1C",0.434433179408784,1.46678020814856,-1.0087656663031,-0.537869406725039,0.444104033118689,-1.35861200934841,1.03927253139258,-0.479342869692059
"LYPD1",1.33299754956401,-0.881159342532328,1.21836913718974,0.301060720056006,-1.18720706557203,0.422234112919549,-1.13054618279448,-0.075748928830456
"ZDHHC11",0.05082602634709,-1.50322991514653,0.163912902181555,-0.366498887610565,0.298534998337374,1.33507768322234,-1.15222662101363,1.17360381368238
"TMEM71",-0.828980273913847,0.876762370450603,0.289550429775846,1.11377705451427,0.0562705661311022,-1.72107894653291,0.891587562296555,-0.677888762721619
"CD226",0.134744457961292,1.32646112794767,-1.0779953850013,-0.628398267278806,0.562218068906055,-1.25166701020945,1.2876397047034,-0.353002697028858
"ZDHHC11B",0.63323221894527,-0.464590269409354,-0.812320837963699,-1.16126247399725,-0.818344503154478,1.79836303546633,0.668128180749474,0.156794649363706
"LRRK2",0.0350839627763854,0.704412490390679,-1.36967618617185,0.00290075171637707,1.27017442080971,-1.1764370279466,1.12899768903729,-0.595456100611999
"NUGGC",1.0191563731723,1.77016538327227,-0.847459622547878,-0.786418793824483,-0.016635564027827,-0.86373238838084,0.4570415088737,-0.732116896537241
"FGD2",0.0851547886533405,1.23026235653877,-1.04445391622124,-0.359177011250658,0.691181105724948,-1.42882631658119,1.24929472342596,-0.423435730289922
"GPR132",0.247477648756068,1.54102343636919,-1.03815427379216,-0.292532527158351,0.692565540372832,-1.55653550267787,0.659000524419348,-0.25284484628905
"RASAL3",0.235542964839388,1.23482629721743,-1.27694694999295,-0.654659102300107,0.763237960261904,-1.24460776830497,1.09768864125128,-0.155082042971989
"KMO",-0.510692195682788,1.01598248881717,-0.867302286472851,-0.581129651982623,1.53420784291227,-0.973483812320816,0.979390918624364,-0.596973303894739
"AGAP2",0.256301186518441,1.33100761768195,-1.27808645584126,-0.517731312420727,0.648633614354885,-1.26252324099526,1.0851123098705,-0.262713719168513
"SNX10",-0.614607003891738,0.0591511287892294,-0.691030954338176,-0.201044551759663,1.62760348290325,-1.31801335215367,1.29941885895983,-0.161477608509053
"TNFAIP8L2",-0.266609019901343,1.474391072102,-0.809045371450573,-0.227224782704421,0.454354766397544,-1.41037403142301,1.27134014550293,-0.486832778523124
"ARHGAP15",0.00602285865264273,1.44386242793203,-0.775532527694283,-0.460098661260133,0.44652759202202,-1.49400139263477,1.23009892530352,-0.396879222321021
"MYO7A",0.323753688868583,0.265075597452685,-1.63213834428929,-0.0420706709286588,1.05550856757384,-0.591810543741392,1.42925285917731,-0.80757115411308
"A2M-AS1",-0.347265952164638,1.5110467542305,-1.34245533111706,-0.388564498798141,0.667576278517322,-1.01572996264297,1.06869472996554,-0.153302017990558
"PIK3AP1",-0.00600170365612263,1.23065929809694,-0.95051630769367,-0.357872456393998,0.677721490666243,-1.43642017180523,1.30903088878182,-0.466601037995982
"NCKAP1L",0.0486679331057914,1.20890947048921,-0.761527606868788,-0.26541257483002,0.491462354819239,-1.54757204766854,1.38961501620303,-0.564142545249927
"CYSLTR2",0.377427391665471,1.39911925158527,-1.55821578084955,-0.897266330247173,0.673184782020732,-0.381605183007039,0.898329637663476,-0.510973768831185
"IL16",0.11070590265677,1.74574532174239,-1.36974542149104,-0.705831089451167,-0.0340923760553493,-0.233642197726548,1.07753130282008,-0.590671442495128
"GPR65",-0.423285962455992,0.664621278220439,-0.374593826351319,0.0708124593603979,1.10548417013058,-1.80240588548973,1.23837203462053,-0.479004268034907
"TRABD2B",1.98058107147476,-0.201476085228627,-0.931390345161536,-1.24642187655157,-0.29226364532255,0.467201475531656,-0.266875714065751,0.490645119323617
"PKIB",-0.0767174513097862,-1.2473998695452,0.220960834341387,0.145382110509577,0.644703433473784,-0.35952722299632,-1.17978994206523,1.85238810759179
"SRGN",0.449591723983405,1.10122340643623,-0.859324418089417,0.182664642821231,0.70723055927092,-1.76181509641206,0.862524315396936,-0.682095133407236
"HMHA1",0.0299808219144864,1.46942805512597,-0.894984750176467,-0.327703491281485,0.496687374147422,-1.36939750124462,1.20130683435936,-0.605317342844677
"MAMLD1",1.33812545828887,-0.340123526890783,1.10779835603871,0.321719109233767,-1.63001533016907,0.501402031402229,-0.723895517275204,-0.575010580628522
"JAK3",0.530817207751664,1.28614998794894,-1.15309404824757,-0.661726079426265,1.06965558504041,-1.34709279306335,0.524833407784696,-0.249543267788518
"GMFG",0.0115810316199296,1.38068901976287,-0.979578787516509,-0.446594652037289,0.525141301435391,-1.4107974868898,1.24896432987642,-0.329404756251009
"RHBDL2",1.06029253265091,-0.592848863007381,1.19537888298896,1.0117533704799,-0.617084842623051,-0.578013730023735,-1.5342241137088,0.0547467632432008
"AKNA",0.293255283708442,1.42220692069545,-1.17594299974423,-0.513525131105129,0.356461555010274,-1.18741998588109,1.23427660729843,-0.429312249982138
"IL7R",0.784787264864932,1.51488617049768,-1.17481931966659,-0.741885775777396,0.779382182163106,-1.21382901480955,0.221304351257901,-0.16982585853008
"CD74",0.0200800423372766,0.992058543870155,-1.05996561913246,-0.383994229204553,0.64074225356371,-1.32698069358042,1.54593937332174,-0.427879671175449
"SAMD5",1.92834319234477,-0.0159706268603927,0.07527325009163,-1.42617718759108,-0.311974142292193,-0.0969200884378156,-0.825696698393812,0.673122301138903
"GPSM3",0.00448719857168057,1.36661307952976,-1.00565375241869,-0.539397286953832,0.649541339118778,-1.44041460741664,1.14116794700822,-0.176343917439265
"MCOLN2",0.142226168777504,1.30296747758932,-0.406636446023075,-0.455987742688385,0.647377932654132,-1.31766034425631,1.21637421604708,-1.12866126210025
"TNFRSF11B",1.12183239482924,-0.141228652106264,0.0711634603346813,-0.760485083300378,0.795662146700252,-1.05041010624886,-1.3223065216655,1.28577236145683
"RAB39B",0.479797727970596,1.7236534724161,-1.13945521061778,-0.85703286365665,0.039029457478007,-0.0941399938287566,0.857892236573,-1.00974482633452
"PATL2",0.319149563832538,1.48776639244936,-1.237973483798,-0.501675710200124,0.186911789652356,-0.682304629052507,1.28838055673447,-0.860254479618098
"CCDC69",0.519791731542585,1.71868390687529,-1.14443919391382,-0.739482375255206,0.193855737817385,-0.876721537688535,0.891909922058651,-0.563598191436347
"WAS",0.174106213156378,1.39276113273531,-0.8331183618364,-0.321890392686073,0.359092871219503,-1.46812629271728,1.27185198996651,-0.574677159837947
"SLC40A1",-0.764860410388405,1.26129056254035,-0.76231676846874,-0.72790489409448,0.94453280239914,-1.29704223323725,1.0140598407792,0.332241100470184
"PCDH12",0.306335367536147,-1.76354984712772,0.930284048851303,-0.580213331179227,-0.518952368123858,0.789860682579903,-0.403812424761101,1.24004787222456
"ELAVL2",1.70997076879392,-0.125897368223453,0.489459541174089,0.627450649302411,-1.20002799763184,0.334189512861255,-1.226810533209,-0.608334573067384
"CFD",-0.549937849473523,0.155464814935582,-1.17816252938241,-0.246566128735004,0.0306360255129825,0.0503329486077123,2.23116239150824,-0.492929672973576
"RGS1",-0.281451893409133,1.19772830820822,-0.970795912748161,1.386142674507,0.124126124874535,-1.36152959883208,0.564767053625907,-0.658986756226277
"SMAP2",0.00449130701211764,1.53085452609295,-0.959587200025476,-0.193469114641736,0.185558241710556,-1.17652265793737,1.32765224992668,-0.718977352137723
"CMYA5",-1.21717033905173,-1.25693835119372,0.664370512530053,-0.456469089340738,0.498598343323033,0.325213746629043,-0.252001755662861,1.69439693276692
"COL4A2",-0.329101038656237,-1.58570488823575,0.816183171710477,-0.206211993319173,0.126137979690494,0.35262285279385,-0.849322229032986,1.67539614504933
"TNFAIP8",0.639932500285898,1.55658342642709,-0.814944916938254,-0.377468173073777,0.232196239567128,-1.28108313133992,0.93475848446428,-0.889974429392451
"PTPLA",1.83266064525466,-0.0902451312611061,-0.403740720933284,-1.31058262714304,-0.438836660024726,1.13213697191176,-0.455728055790188,-0.265664422014079
"TUBB3",0.469112932902151,-0.822812333514715,1.48642966177453,1.24921736553487,-1.11059589507783,-0.384369644771723,-0.97186774477569,0.0848856579284023
"ZBTB32",1.08445706871731,1.70324985052843,-0.942036836999558,-0.694119002369852,-0.0352005887258148,-0.661522801858955,0.483702393661919,-0.938530082953477
"SH2D2A",0.293202531697149,1.16635641169469,-0.978526737985711,-0.350872221854316,0.717916936727387,-0.974272335838231,1.2879334415433,-1.16173802598428
"HCP5",-0.452350520295155,0.892099246231978,-1.24745716351451,-0.347188375025112,1.14593407900798,-0.191172222994567,1.31520328683704,-1.11506833024765
"HS3ST3B1",0.609031851136695,1.43550236397446,-1.34818738067876,-0.743019745125115,0.485953908622065,-0.181163848176634,0.844707783026819,-1.10282493277953
"SLC39A6",0.209750104453928,-1.09929436915815,-0.635093125514836,-0.753858298137157,0.890100261428309,0.645369690454641,-0.911274533593702,1.65430027006696
"GIMAP8",0.13993210985288,1.51146564768952,-0.927063971967759,-0.404481971757383,0.498820221330593,-1.32055021513937,1.13247808210006,-0.630599902108537
"KCNMA1",-0.562931526215967,0.073808885740785,-0.84978320307239,0.206315995887839,0.674965579424188,-1.05286955927196,2.02174877302531,-0.5112549455178
"FUT7",0.661703828950988,1.85677671177321,-0.967746897076046,-0.94723262633687,0.506143044137963,-0.81727961317311,0.249973898890069,-0.542338347166206
"BIN2",0.321549990161898,1.26860449058334,-0.948621926751249,-0.220183990490041,0.339782369865501,-1.49953214868938,1.29175597171676,-0.553354756396826
"N4BP2L1",-0.178631517664373,1.35194422020621,-1.54698025434883,-0.260163989891855,0.381617835970509,-0.873812225060896,1.31678919928793,-0.190763268498692
"CIITA",0.248910931701581,1.02320202999664,-1.27814805264511,-0.333614418867327,0.831927072406889,-1.49949831899623,1.09449752495336,-0.0872767685497943
"C10orf128",-0.339844604437469,1.01612159438392,-1.23266050038846,-0.37183801507882,1.2274661971862,-1.35470524378711,0.912040745946441,0.143419826175294
"CD40",-0.0876863550843139,1.46098869646078,-1.13390298201777,-0.88877528492342,1.20049996141667,-1.03802119074806,0.512653966231368,-0.0257568113352448
"LMO7",0.97213390475422,-0.993253835961832,0.922359273663619,0.702066850044494,-1.39942782276423,0.728420322327995,-1.09906844600081,0.166769753936546
"LRG1",-0.160365793683606,-0.49301954636007,-0.855568421771718,-0.947518197855587,1.05730909470233,0.0367662006239559,-0.554542309864915,1.91693897420961
"NKD2",0.470709097873819,-0.00424207913378295,-1.22362245346557,-1.51384054304848,-0.168535013066151,1.61458046976109,0.32909652684941,0.495853994229669
"STK17B",0.461339659375605,1.85673375327959,-0.701520722422356,-0.372911525998664,-0.0208464957279932,-0.856882218419199,0.793487189783337,-1.15939963987032
"FYN",0.284305094991192,1.54470202506724,-1.20470282775186,-0.727493957013694,0.283445830520232,-0.695556463598366,1.22087451909121,-0.705574221305954
"ANK2",-0.125419771598388,1.21152064880308,-0.953126698352021,-0.726220281484717,-0.252357718931505,-0.0515418843052412,1.79242273390015,-0.89527702803136
"VAMP5",0.0341821462649434,0.615741697188355,-1.34830510070025,-0.261570386633234,1.64178990223437,-0.668612398605773,0.885223363161525,-0.898449222909935
"TLR9",0.772105226535944,1.99064969645303,-0.46956854476629,-0.0306747199525897,-0.676899266922345,-0.779878675208879,0.240843081352902,-1.04657679749177
"LIN9",0.24166096410253,-0.448205024312697,0.677458780699739,-0.0870957305032572,-0.817600066469929,0.48052166436679,-1.66253363066181,1.61579304277863
"FLT3LG",0.221312067802974,1.47365427862011,-1.46425777516374,-1.0011750669085,0.729911434137559,-0.612824330811741,0.832251270921198,-0.178871878597855
"INPP5D",0.160359751188218,1.53688469634266,-0.998974177836192,-0.413419384763152,0.246657506959379,-1.36142092969792,1.18460583230933,-0.354693294502312
"CLEC2D",-0.0919216302550696,1.76220095418378,-1.13732853617833,-0.722602047960357,0.374511575533889,-0.609441807525878,1.06923745777958,-0.644655965577601
"WIPF1",0.361670819460888,1.39080903866319,-1.00028570866878,-0.49131565211174,0.14831387562191,-1.08157393587257,1.40273524836918,-0.730353685462074
"ASIC3",1.62085086754555,-0.544333152966322,-0.786565382714086,-1.05113703521865,-0.388853950353027,1.26300615914926,-0.604296190636502,0.491328685193781
"NR4A1",0.507637822217897,-1.11750431988635,0.534630653103458,-0.269310624028444,-1.05497714047841,1.88418326563089,-0.663375521924132,0.178715865365089
"PARP8",0.0853385470300445,1.10678890128706,-1.30982002771601,-0.569407758718269,0.630258189740761,-1.15095625513378,1.40282591333642,-0.195027509826223
"KIAA1161",-0.0360336509087453,-1.16854798450772,1.21064469134619,0.749345789797406,-0.812846242247065,1.1429087405822,-1.26728176452932,0.181810420467053
"CTSH",-0.0570671452266347,1.37003490061087,-0.954263833535918,-0.522114100832918,0.694616659324435,-1.06131440337516,1.31079229936934,-0.780684376334028
"PTP4A3",1.60267540862331,-0.200233775480052,0.576427649792078,-0.0145020787198728,-0.797919419351136,0.441137308063057,-1.78751414940203,0.179929056474648
"ABCB1",0.344904230036173,1.12287431913568,-1.47664245446131,-0.792046717203746,0.189627749973402,-0.522912007997612,1.53140774555829,-0.397212865040872
"LAT",-0.278095531736175,1.62936173698037,-1.09280309343141,-0.708174061649687,0.507705253475873,-0.974786315320987,1.14537756359928,-0.228585551917261
"BTG1",0.412542586677952,1.63383443860324,-1.21973130443155,-0.437438305287825,0.941983125536949,-0.93968260533239,0.367416555148271,-0.758924490914652
"TSPAN33",-0.770190171728368,1.25208108809881,0.450535454431863,1.27644107540132,0.07594112363341,-1.42749385130059,0.117152140675326,-0.974466859211756
"MARCH1",-0.0762845401287179,1.16161525963544,-0.921305838960637,-0.32389655227287,0.720122000515168,-1.49806179908856,1.33163605385186,-0.393824583551683
"CABYR",-0.114476061748157,-0.821861762773428,1.61580638567592,1.16735036804751,-0.749537542124286,-0.468900501496256,-1.13844642255869,0.510065536977393
"MCOLN3",-0.911960106616032,-1.31900490555716,-0.00552738570222012,-0.794579314439918,0.231093340007214,1.15589369873543,0.0953490030415498,1.54873567053114
"PMEPA1",0.864495606609845,-1.10483658945212,0.712967091314905,-0.128291981236232,-1.45874695450848,0.165667478368402,-0.500756878941603,1.44950222784529
"TPM1",-0.52105520130678,-1.65431711773109,0.939234174037997,0.280721076653933,-0.423332597651443,0.635537948138894,-0.670380319979684,1.41359203783818
"C10orf54",0.541106667471355,1.4464319079262,-0.832033985701279,-0.0489171016338738,0.208891083260941,-1.51338661872018,0.984054733775346,-0.786146686378504
"ICAM3",0.686215258881483,1.64860508100409,-1.14008629435468,-0.765640341799414,0.430868492355926,-0.960644323691494,0.687386742715417,-0.586704615111327
"AP1S2",-0.835672858132166,0.715837368301043,-0.77678432151506,-0.224263903691943,0.908025057160066,-0.937324898308741,1.75216250234768,-0.601978946160882
"ATP8A1",0.559655799063161,1.51126049900741,-1.24119772172003,-0.956031399576561,0.0739176687970638,0.0877573602460945,0.965812377114978,-1.00117458293212
"MICALL2",0.597941050749194,-0.671698907359307,-0.588623633616052,-0.907989585189959,0.260899596392299,1.00122804628434,-1.24271954194112,1.5509629746806
"TSPAN12",1.35301470879888,0.111884508820135,-0.379473803974008,-1.78906462983566,-0.68970573050887,0.703663140420775,-0.204437773849315,0.894119580128059
"FAM49A",-0.387915074033962,1.36254377329567,-0.245406106640625,0.587685039635138,-0.545554030411816,-1.07958206168066,1.39443061666693,-1.08620215683068
"PPM1M",-0.746559443344547,0.679238892153182,-1.63033256597864,-0.277006943013702,0.865435030086467,-0.208554338874562,1.54934531689082,-0.231565947919029
"SEPT6",0.617838090653121,1.77363480615314,-1.12075780871277,-0.80272119465068,0.0767480107148109,-0.605047180552431,0.804182862085496,-0.743877585690684
"STK17A",0.209939123086006,1.67189328274529,-0.828579913692633,-0.354812246867848,0.188416054469128,-1.32286014939551,1.0746677724338,-0.63866392277824
"PNMA3",-0.14061346034112,1.51412774133477,-1.39138803243464,-1.01716602842021,0.634607038781114,0.163899591382225,0.911832739808764,-0.675299590110903
"PCDH17",0.634960989157465,-0.753180503653995,-0.250082991211155,-1.41557074574081,0.388597663097119,1.28131880183736,-0.983185666439965,1.09714245295399
"PLK2",0.977573859287735,-1.46846166031723,0.029625998221364,-0.669058779996355,-0.683627170553596,1.26619273235781,-0.506777479122184,1.05453250012246
"SIPA1L2",-0.085456133247656,-1.41667327545902,1.1385183421578,0.834716669712556,-1.26941257073643,1.04593637762804,-0.482079134334626,0.234449724279334
"EXOC3L2",-0.0802736785798798,-0.6474966937339,0.244046760717999,-1.36130886292903,-0.0971050947263028,0.979976038422701,-0.789533984503603,1.75169551533201
"SPRY4",-0.261380658875805,-0.69604459533138,0.561375371297571,-0.886325312709782,-0.106787715165347,1.27244741886353,-1.30347005191182,1.42018554383304
"ANXA2R",-0.0317241424849604,1.77922172044897,-1.04441676879923,-0.156333874012566,0.213861598988072,-1.06302523132714,1.0162602620139,-0.713843564827062
"B2M",-0.00718788884235592,0.853786856499169,-1.29823099606585,-0.653935860900624,0.901190407367955,-0.684485345289467,1.55849101874014,-0.669628191508954
"DNAH2",-1.15075162580084,-1.37664484045313,0.908868739067034,0.492872033315939,0.500356450713526,-0.157151915776044,-0.640880578452893,1.4233317373864
"PLEKHO1",0.101280811133944,1.15539340681,-1.15025442706756,-0.646209393869464,1.13117796179685,-1.22780625308183,0.998117323555294,-0.361699429277235
"NTNG2",0.28938153020346,1.63085655585745,-1.64296238790999,-0.350408473547359,0.399123130115532,-0.843505370939358,0.722299436078721,-0.204784419858447
"HLA-F",0.68998851558551,1.10854093753047,-1.45987651576583,-0.630493548749729,0.919814326518478,-0.958147956490896,0.853446716119399,-0.5232724747474
"COL27A1",0.814560030670536,-0.867714248830401,0.581045115388023,0.106440277727408,-1.78289002701954,1.35758407112532,0.204553605260726,-0.413578824322064
"VAV3",-0.20555962498956,0.842173731025683,-1.04711611898513,-0.810043826818542,1.56005838289408,-1.25721207882754,0.632652660861867,0.285046874839144
"PIK3IP1",-0.4964169810662,1.01099956296505,-1.45074201834347,0.332140266670089,0.212239671479391,-0.974345744538444,1.57439199557071,-0.20826675273711
"IGFBP2",0.0901541176859324,-1.35561947724156,0.256220753758977,-0.443278286478362,0.736417063244633,-0.347174003724928,-0.821855830345481,1.88513566310079
"TRAF1",0.111461247326199,1.75967558198501,-1.14232318463086,-0.850170329916835,0.569506160254669,-0.908680248540746,0.781330279109451,-0.320799505586883
"C5orf56",0.104426004764373,1.32480345602412,-1.57990824759871,-0.782810617032886,0.651273364852217,-0.41834173747097,1.15044483205412,-0.449887055592275
"MFNG",0.0524349430038454,1.53274415294224,-1.2471142585844,-0.827700133548416,0.573344171478674,-0.897878945082081,1.09309446014798,-0.278924390357841
"JAK2",0.367435142919272,1.13196318711756,-1.3326628141495,-0.632699720115192,1.0542962554709,-0.662228825430649,0.999895340087318,-0.9259985658997
"GPBAR1",-1.00654829515171,0.342856667047269,-0.930570349610057,-0.310604619746954,1.89984322977186,-0.911692649335767,0.306533245202109,0.610182771823247
"PRSS23",-0.22697025098921,-1.23566533813795,-0.623751686373957,-1.01018585260356,-0.232832833751127,1.44895281625074,0.727686405264659,1.15276674034041
"KAT2B",0.171888314526423,1.53612665295873,-1.03494122260008,-0.596017360867103,0.256050056555234,-0.839205971652103,1.32228608710487,-0.81618655602597
"PODXL",0.284608638202979,-0.80341253274306,1.50750674018487,1.01038112514769,-0.992871946019399,0.0628694637047722,-1.37681883085053,0.30773734237267
"TGFBR2",-0.249008200555664,1.31013435567347,-1.38020356406402,-0.739205637482619,0.626139864319397,-0.649259265512225,1.36890762411046,-0.287505176488807
"GPR4",0.946947924729982,-1.38483434413952,0.80160578951152,-1.22780993067139,-0.308093474079133,0.881856866845613,-0.603400489826503,0.893727657629431
"MCAM",0.102624779298812,-1.11318002795246,1.60407377853214,-0.105517430397469,-1.3524026479375,0.371678278576239,-0.487663565477095,0.980386835357332
"COMMD6",-0.771377729624311,0.755942313327267,0.545903420616235,1.34209710018535,0.281856733330808,-1.43883838224159,0.457243086459353,-1.17282654205311
"HECW2",0.0451819897201689,-1.50669229163062,0.540234001232893,-0.867867010258371,0.494244539942969,0.289003852007263,-0.690593033495096,1.69648795248079
"MDGA1",-0.651915262453729,0.107654573647574,-1.5303676121429,-0.557533409662986,0.613053274473491,0.378836675337377,1.83155843887998,-0.191286678078815
"PTK2B",0.515348442229589,1.60499260442997,-1.5151935509446,-0.642313375597342,0.344683617036969,-0.922164553857996,0.68938828414745,-0.0747414674440418
"NOTCH4",0.524255963714412,-0.486899086259774,0.772370681932317,-1.44279425410064,-0.332622279538763,0.0877660214913079,-0.846759804354199,1.72468275711533
"SLC8A1",-0.237800705985445,0.425971892525673,-1.77067107312714,-0.660146101396762,1.20231486794309,0.155876002866637,1.25768480747194,-0.373229690297989
"PTPRJ",-1.28098766861281,0.507781108456738,-0.114574101179328,0.613085434302706,0.45766110788317,-0.402412526677467,1.57886593305436,-1.35941928722737
"DHRS3",-1.19127352184207,-0.523705452374878,-1.0026258636941,0.334892545559895,1.25198928241634,-0.0737415821304526,1.57457634386265,-0.370111751797394
"THBS1",-0.503502898902973,-1.61515453697761,0.454251059487004,0.228872765072466,0.620902436174628,0.188481608779103,-0.964022921186137,1.59017248755352
"GOLGA8B",-1.57513851094972,-0.507969711774014,0.55268703731722,1.33098402717889,1.00233580624586,-1.05995316021409,0.235081749126157,0.0219727630697075
"TRIM22",0.409175019486768,1.25728295047004,-1.41469227183753,-0.860888140667912,0.193096908903286,-0.287244763005822,1.38658496497558,-0.683314668324393
"RORA",-1.09451939651721,0.862503196519877,-0.965596029696128,0.0720853277878641,-0.0954720874259077,0.379150795817305,1.76504446035656,-0.923196266842359
"CHST2",0.800272128827567,1.14567513063523,-0.0220335100429959,1.22085395907536,-0.400993818006695,-1.27013235347776,-0.146828725051049,-1.32681281195966
"PARP11",0.0809532337685702,1.19373300710443,-1.51218750303549,-1.16541857229974,0.772907037242642,-0.407261717712246,1.07645442468887,-0.0391799097570384
"AFAP1L1",-0.368888069295099,-0.828231947256899,1.22359273962369,-0.384313133611265,-0.566970039183338,0.450266609367051,-1.15848713562227,1.63303097597814
"NOS3",0.760971748124838,-1.06752081837124,0.953038073884597,-0.792933735806527,-0.892872153375273,1.49594133211624,-0.778303917421549,0.321679470848905
"RPS15A",-0.14754690640908,1.21930989932046,-0.189458191546782,0.3986495028116,0.59812493640571,-1.10702025988198,0.920762883597188,-1.69282186429713
"ARHGAP44",1.72974119124044,0.978994258905523,-0.72797463313224,-1.32108132120881,-0.492962198157074,0.284897870025571,-0.643064143780358,0.191448976106943
"RPL23A",-0.339640869280725,1.56618970448937,-0.0298886635369388,0.571754566844061,0.256816795184004,-0.992279567596652,0.60598309946639,-1.63893506556952
"GLTSCR2",-0.107410270034646,1.88856495071659,-0.731629294045119,0.108071596124106,-0.0812635021105781,-0.783836890347657,0.905189627863521,-1.19768621816622
"RPL13",-0.0217686315653238,0.754051447282396,0.58720511521777,1.28623415096628,0.0810416766395257,-1.12189013025026,0.202983007331002,-1.7678566356214
"EBP",-0.303278123581051,-1.14036863065208,1.55440804165039,1.13146677147879,-0.569572367336759,0.0272003656130842,-1.16880792184597,0.468951864673601
"DLL4",1.48894191433396,0.394073643982276,0.37118183184563,-1.52324007038529,-0.820560506439281,-0.0142658536247649,-0.811432211455794,0.91530125174327
"LPIN1",0.046187861183316,0.836251970402212,0.330656392802619,1.62022678527204,-0.758902246579702,-1.11734787195439,0.321990784259461,-1.27906367538555
"ADAMTS15",-0.656822610624043,-0.980642824248901,-0.543951999774877,-1.08812686435382,-0.00418005718721809,1.69895404728098,0.76996723444059,0.804803074467295
"MAT2B",-0.165673537348779,1.36734690792871,-1.11801503005552,-0.373126390753127,0.580691808932279,-0.803823664212681,1.39626026123471,-0.88366035572559
"RPL38",-0.508031975476198,1.25110035374338,-0.329506029213506,0.790597141381678,0.741097165964596,-1.14459517656865,0.663431645027584,-1.46409312485888
"RPS3A",-0.064562622904197,1.00488358602317,0.489778328988628,1.03131195486247,-0.239206886080549,-1.00777699971704,0.591181530349319,-1.80560889152181
"RPL19",-0.515708932528821,1.70729201930683,-0.409137083709741,0.213695221182014,0.394278819820251,-1.03410592163021,0.898371790010482,-1.2546859124508
"SLMO1",-0.647743090260334,-0.900261868580894,1.8071733572401,1.29702872104056,-0.573763654123424,-0.208295307811845,-0.660530045962378,-0.113608111541793
"HLA-H",0.122658022422604,0.686029300673839,-1.74475438588685,-1.15179832512619,0.765909431198905,0.168726197561845,1.23367512570191,-0.0804453665460609
"EIF3F",-0.188201510160368,1.19877978123922,0.0187563215556971,0.760260925771116,-0.556489615264813,-0.350534971706336,0.995227250902302,-1.87779818233682
"COL18A1",-0.501593576667338,-1.39199352167893,-0.179234781625608,-1.03767565394125,-0.0140186463927177,1.28944987806654,0.496077119947047,1.33898918229227
"TGFB3",0.205152120719549,-0.439876951494624,-1.13190602576515,-1.55368755346683,0.0550765046578459,1.413807852013,0.809526753358831,0.641907299977371
