"","R-2_C1D1","R-2_Week_8","R-6_C1D1","R-6_Week_8","R-16_C1D1","R-16_Week_8","R-13_C1D1","R-13_Week_8","R-10_Week_8","R-10_C1D1"
"SLC6A11",0.649086499228901,-0.897865306639788,1.20131238809421,0.716144673216594,0.290353540304629,-0.949246803822826,-0.460937434317298,-1.20641259922416,-0.885104770765752,1.54266981392549
"BEST3",0.160500571530751,-0.539653992566541,2.29124735104964,0.299060302812851,-0.0614732819910015,-0.93329623886015,-0.651904002184708,-0.93329623886015,-0.558864617499442,0.927680146568748
"CHRND",0.286506831375436,-0.670819758021906,2.57818624167816,0.483248166058265,-0.483721379906641,-0.479769038734674,-0.463475273647735,-0.670819758021906,-0.670819758021906,0.0914837272429057
"GPR37",1.29212989690704,-0.439456781905532,1.03413338138864,0.800822846607968,0.510848321830667,-1.08843945788794,0.856791237947444,-1.14438958750059,-1.28303994731783,-0.53939991006987
"SPTBN2",0.642078322256407,-0.722576825969801,0.914493707866151,0.813184847196827,0.919073481151584,-0.927933048804739,0.774048884460127,-1.09512072934819,-1.70654629617512,0.389297657366753
"TRDN",-0.361665061017097,-0.667589711846208,2.52446492094637,0.677405946630998,0.345885653252361,-0.290001860366949,-0.225730752060857,-0.667589711846208,-0.667589711846208,-0.667589711846208
"ASB4",0.721704231386332,-0.771978292217962,-0.509782026498925,-0.971218610628985,2.09694966359211,0.161792623188854,0.903949190230686,-0.736459200782374,-0.9458278854647,0.0508703071949587
"CA1",-0.902702224410646,-0.139946131904565,-1.15598764649606,0.221873484445835,-0.988104885509002,1.53976794348788,0.0308053036400831,0.549569438200005,1.5998631975957,-0.755138479049229
"ASCL1",-0.474200628012525,-0.587196514951503,-0.646824508385025,-0.78136187891121,0.693554184352247,-0.578769235139333,2.30219224082823,-0.00392008295749611,-0.762487006981653,0.839013430158275
"PPP1R27",-0.487426763171643,-0.791751015284159,2.56458479609763,0.577571790314984,-0.158273333734353,-0.415921645045675,0.280357763701727,-0.486628089919384,-0.791751015284159,-0.290762487674964
"CXADR",0.391856373502449,-1.26965937734141,1.01003119603798,1.04976178409192,0.731191001866691,-0.61693192053357,0.829061715822078,-0.541853640627663,-1.78228109145285,0.198823958634369
"RTP5",-0.149599020886794,1.52559905375122,-0.875241731670664,-0.116468277922943,-0.659672218299524,0.0597451610485904,-0.519511806930409,-0.573746779825521,2.06443646879168,-0.755540848055637
"DTHD1",-0.166566248346419,1.45647462752553,-1.1157693619452,0.133466683940923,-0.724248661259565,1.03785903313407,-0.62510276064295,-0.875811931356882,1.54478378557596,-0.665085166625459
"MMP3",0.92804824269085,-0.241108916823509,1.40981210275699,-0.349330745458868,-0.198650830717207,-0.927378989365507,-1.2022341898363,-0.944813531474026,-0.123073030193694,1.64872988842128
"DGCR5",-0.162621671056579,-0.894386482096502,1.52462169305466,1.0624102537774,-0.35335054034786,-1.00170973147713,1.43370525231348,-0.89169705878272,-0.850676142286456,0.133704426901718
"CXCL13",0.477672308836235,1.22167274872305,-1.45586699677722,-0.381221806476213,-0.298851810377797,0.19248370068974,-1.62182617131665,0.578992867669732,1.38321473419037,-0.0962695751612469
"CBS",-0.172203655990136,-0.938733281259341,-0.0845876387013785,-0.222336026700323,0.994757273602212,-0.984676548031282,1.97546596613471,0.0416239230311497,-1.30054147868,0.691231466594383
"SLC25A10",0.0511528573348638,-1.14315181739791,0.654712419690849,0.552876192897416,1.64983086968816,-1.06722374302728,0.992158853408669,-0.741103703625325,-1.22001343147371,0.270761502504267
"COLEC10",-0.138532327923848,-0.556643663560806,-0.369374228974405,-0.583946468391029,-0.408051491447606,-0.629914490027362,2.47416071910599,1.02358097129451,-0.662496911693954,-0.148782108381495
"GPT",0.0495807973555492,-0.893059573336938,0.702531596916014,0.582552272042691,-0.446806330106812,-0.918577604111825,2.23032560426952,-0.22723323432732,-1.13765415013763,0.0583406214367522
"CTSV",1.15384167300351,-1.09628852854348,1.10300265507111,0.627525791601991,0.650549986911549,-1.30107172259467,-0.472443192107394,-0.888951060957565,-0.810554207111077,1.03438860472602
"DHCR7",0.514262886335537,-0.903239645947901,1.03150883011849,0.900579608608668,0.786950384127515,-1.07064566492832,0.927892750870989,-0.820405081806023,-1.63497761418711,0.268073546808158
"IQGAP3",0.98071967120611,-0.702607868686111,1.21827776019876,0.965368362776492,0.20691056265491,-1.39910627118526,-0.260652972459994,-0.54154923456352,-1.38642797364429,0.919067963702897
"TMEM139",1.62807644724516,-0.854075587406137,1.01783801556525,0.249739305163477,-0.213828561869543,-0.252207079131321,0.971874683627612,-0.86751857272024,-1.64743565614016,-0.0324629943340962
"PLEK2",0.180642849745106,-1.27116599027554,0.706245349507902,0.432704798009571,0.0416757489618936,-0.795584411669983,1.8764298077661,-0.346910143044103,-1.42442777445898,0.600389765458035
"CXCR5",0.691574909336705,2.38962477071254,-0.906049701917318,-0.700724126416496,-0.160282224661333,0.322705325599831,-0.794448083112844,-0.652247229644716,0.288977023184293,-0.479130663080665
"SIX2",0.347767752556864,-0.837780657672315,-0.239870542607473,-0.76709936629079,1.906981284705,-0.724557970819131,-0.0173146316309786,-0.814862796590912,-0.438519871188158,1.5852567995379
"GRB14",-0.369002442176785,-1.03961748612027,0.837131945869025,0.746208861366228,0.627136254015619,-0.485323622719258,1.98699578302653,-0.593548117586253,-1.11393730102178,-0.596043874653052
"CPB1",-0.781185638344602,-0.794821815646361,-1.00750703669679,-0.51253011847742,0.0785452477743177,0.74155480569853,0.521875276011879,2.20783589642588,0.353776498303609,-0.807543115049039
"CLDN1",1.03214180696737,-0.741566765257824,0.561809850037114,-0.00699083079473721,-0.00816416323887245,-0.577684934161231,2.09595886623277,-0.22502256461461,-1.17046033795748,-0.960020927212502
"LINC00473",2.4757621902406,0.756515371255694,0.0172471004187396,-0.34522325694954,-0.626909716343058,-0.759668288432628,-0.530686410623061,-0.638752371459845,-0.652898021213224,0.304613403106318
"SERINC2",0.658476040947434,-1.33104926658663,0.870658557881353,0.977849775889742,0.441369647637249,-0.759075225860217,0.776502475144801,-0.30301019637733,-1.83375762913041,0.502035820454016
"HBA1",-1.15609343674034,1.07970664007071,-0.848462213618477,-0.0015415573632201,-0.492452794019965,1.85166711138708,0.192617092469182,-0.75752296582565,0.928289562859267,-0.796207439218582
"ATP6V0D2",-0.673732905165617,-0.255624267605841,-1.057106165702,-0.751436334749911,-0.239330130866837,0.866883922394733,-0.811280816444678,2.14188479137735,0.858911359885755,-0.0791694531229522
"FAM64A",0.0653711715520175,-0.926005713546088,1.3875746885498,0.97998758569308,0.887277499742442,-1.27020965853116,0.0188398179960554,-0.876516624891011,-1.14501602595815,0.878697259393016
"ADAM33",-0.68436023991274,0.662102673618413,-1.28650224603973,-0.460989744819573,-0.193789515521274,0.449076563243542,-1.23364198121191,0.643270944055243,2.0104395358221,0.0943940107659191
"RNF128",-0.509238470802185,-1.07184481605587,-0.013347821442249,-0.451456690152642,0.215952303256894,0.205201336101814,2.49479670599693,0.388339637673252,-0.886576566638533,-0.371825617937413
"NUP62CL",1.38232589164264,0.338890394611688,-1.10065873980134,-1.30497220470373,1.43713842625161,-0.421766629320776,0.604136201740303,-0.937050784629287,-0.534570401853798,0.536527846062678
"SIRPD",-0.547315759927814,1.34182966912425,-1.14004298126873,-0.083645908902286,-0.73550214110508,1.19937017177853,-0.613822129904335,-0.560724164951797,1.63598709124004,-0.49613384608278
"TNNI2",0.373818250805161,-0.703272377697107,1.47198912523165,-0.25471683151363,1.55496929821081,-0.362721446658653,-1.16401287287877,-1.20813989077062,-0.457012829368843,0.749099574639998
"GCAT",-0.0918172941547757,-1.41523099392891,0.16689886739899,0.184148624275913,0.941166770141794,-0.909123129680275,1.37577913720047,-0.24259622965879,-1.28190716337732,1.2726814117829
"WDR62",1.68019614600348,-0.039847294179851,0.154824577451126,-0.28666927642739,1.19693834061221,-1.27090612986733,-0.41296588568672,-0.935178112183848,-1.03629956454704,0.949907198825367
"RIPK4",0.112899959564709,-1.32080375281756,1.15324376514057,1.1421956088997,0.870009025679766,-0.459319117732688,0.705628685230279,-0.101929323903325,-1.73026862698418,-0.371656223077275
"RASL10B",-0.224599720692475,-0.788986871954664,-0.791193665261333,-0.825239004444181,1.47661234103287,-0.69138468540056,1.26873349567301,-0.285448082923328,-0.641485055160266,1.50299124913092
"IL22RA1",-0.793912241537289,-1.19427692715157,0.97892324409636,0.279822361091269,-0.130126669731398,-0.607584750144596,2.18751269473564,-0.348379605832785,-0.707984516700554,0.336006411174921
"IFNG",0.416811224224891,0.796694033420571,-0.987470900391183,-0.179357672835033,-0.80216612265443,1.27047553582328,-0.886964082706634,-0.847782361689387,1.76689197595016,-0.547131629142231
"ABCB5",-0.841279818580372,-0.116061654707599,0.545092580144476,1.51387564373518,-0.661396738222647,-0.631572526761261,-1.05929991263035,-0.619870782061633,1.82905108528417,0.0414621238000329
"LOC101927746",1.04849951557969,-0.64584557296608,1.66030598453886,0.804212696395072,-0.273865464184294,-1.33219465382637,-0.0567485252334038,-0.871160703479505,-1.00706572805771,0.673862451233747
"DEFB1",1.97046460531119,-0.580851148779007,0.584378848289641,0.637278769250054,-0.686013146893864,-0.937252095466,1.05398302914479,-0.373964876349929,-0.977749296096884,-0.69027468840999
"TMEM97",0.227866800748341,-0.647921603948019,0.11162578148368,-0.0581533342427066,1.12651521672587,-1.00595290555564,0.731745506842385,-0.754320489957868,-1.46115412685484,1.7297491547588
"TNFRSF13B",1.20309400451402,2.05363233808844,-0.81703783592976,-0.575840733148489,-0.194634105170023,0.34068321272505,-0.95951304540794,-0.815845236231925,0.415785699100439,-0.650324298539807
"TK1",0.908227347883203,0.0818909560651181,0.993309349036229,0.519164259399039,0.800543560743949,-1.49574989209091,-0.321090295633618,-1.4827796703683,-0.932441299320814,0.928925684286097
"SIDT1",0.0913714696978895,0.903942104261051,-1.48348893928827,-0.93576254300229,-0.608489703535282,0.409018425455222,0.534215247416084,1.72535636589409,0.42218945614415,-1.05835188304264
"FAM132B",-0.178374444982733,-1.15815279753677,1.70458696723054,0.15616650219229,-0.49531345970641,-0.868581082821063,0.266497289385003,-0.336767668633876,-0.78975229750554,1.69969099237856
"PRDM8",0.0242787165587664,1.76060448450879,-1.05933755283082,-0.36348469525343,-0.686213572949397,0.797434272918502,-1.39086657221004,-0.0900275580524469,1.24147774281119,-0.233865265501108
"TRIM72",-0.179639322652351,-0.776288316398896,2.46953951495282,0.611614348231109,0.3412886731009,-0.243825659245629,-0.773302354088978,-0.814893022415556,-0.67301464095391,0.0385207794704832
"ITPKA",-0.490792586026484,-0.718253534640008,-0.708333435145666,-1.06802613990921,0.772905811433994,-0.422393534400074,1.46279602511315,0.170793534293116,-0.755288228886806,1.75659208816799
"NGEF",-1.04053659385548,-1.26446055339971,0.938810426330374,0.46140996125186,-0.180732523491598,-1.02590048162027,1.94002490981531,-0.149185505554228,-0.228100742361341,0.548671102885094
"NIPAL1",1.14958713576344,-0.174209341169688,-0.357915532049817,-0.394918091302859,0.190388128024626,-0.585110322961257,2.28289386290752,-0.728356992336781,-1.07056621691711,-0.311792629958068
"LRP2",1.06413646198943,-0.0822872509262401,1.38423435553419,1.3510572037037,0.0735686167333104,-0.27170952229013,-0.172064485651108,-0.849693929648627,-1.54055417971812,-0.956687269726398
"CIART",0.802859913031103,-0.831667191181237,-0.868234151544036,-1.0794732186783,1.11485278389062,-0.350595130652087,0.326923943118681,-0.465476632038186,-0.578179585764146,1.92898926981759
"CEACAM19",0.70169388424797,-0.562462495767299,-0.147896594162079,-1.12872238105031,1.20523902753853,-0.541090809801645,1.39017402692433,-0.531204022139231,-1.38886658037279,1.00313594458252
"ADAMTS17",1.46490639729664,-0.309736496083325,-0.403294874765939,-1.82729206188357,1.53125373892578,-0.113492585748162,0.525947021680917,-0.560189395012335,-0.515267679933191,0.207165935523191
"EYS",0.209153167905941,-0.458814127476197,-0.818601063263947,-0.912447490165802,2.32564599804331,0.248005071581308,0.877488958375055,-0.647589564579678,-0.76145466702907,-0.061386283390911
"SLC10A5",-0.148223477952808,-0.787906483069988,-0.159700108727247,-0.443496034656608,0.106704398000402,-0.549152929274695,2.55649475737283,0.438387425471713,-1.04555429232285,0.0324467451592578
"GLB1L2",0.0749395794799303,-0.650282249410052,0.896813908745759,0.5955330925367,2.08311413432115,-0.0803157159655548,-0.892771436307361,-1.14505683937883,-0.974668604568475,0.0926941305467315
"BAIAP2L1",0.355036759114038,-1.01340269419956,1.00295694807136,0.991289157825963,1.51097244037547,-0.966484538303625,0.0998669827814069,-0.561355463626889,-1.51862270101027,0.0997431089721028
"C2orf48",1.03853650497042,-0.35368921589843,0.20754457136992,-0.412954602929367,0.908756005537437,-1.71752573867017,0.2378597873218,-1.06493117663019,-0.408640718069675,1.56504458299826
"SBSN",1.4427268059005,-0.666406039178684,0.523906394893055,-0.680461799921539,0.718205207389701,-0.217156853590442,-1.21723458587396,-1.24751082019672,-0.113190472176262,1.45712216275435
"IL2",0.0524195993762584,2.40194107549921,-0.857188034458079,-0.157179372170171,-0.328282015428312,0.827816526890862,-0.890773235052042,-0.460777582649552,0.204385825740374,-0.792362787748556
"FGF7",-0.208350695393761,1.33657094566175,-0.207627868255517,0.0315186782402729,-0.643767870048355,1.25093904503242,-1.76485493649324,-0.509923351857728,1.22840229164997,-0.512906238535804
"TYMSOS",0.0670517468492012,-0.76894199991729,1.6330921773628,1.46674223936451,0.146042331374036,-1.23198874540121,0.183145244723606,-0.937613602975385,-0.978301619620491,0.420772228240219
"SPC24",0.699035448935277,-0.233612693465236,0.820122645062791,0.329782719739364,1.02803242596807,-1.36267733163462,-0.318741795635613,-1.5102320807151,-0.781545907516606,1.32983656926166
"AMN",1.09095526220011,-0.0487795223563973,-0.940145321314246,-0.932402598154192,0.892843841445153,-0.0215016749847669,1.95039141698877,-0.44655295853786,-0.945470837061543,-0.599337608225028
"DGAT2",0.167889992121218,-0.48034724338104,0.791944892413321,0.834385842557906,0.31147606988028,-1.32006734663767,1.7371949203524,0.112365682163177,-1.41354778207412,-0.741295027395473
"BDH1",-0.236273105285679,-0.65036225638822,0.451577351517596,0.277009059456462,0.733339892668867,-0.923866365826983,2.12183976175418,-0.541075259757947,-1.42080566681901,0.188616588680732
"SLC40A1",-0.519334838642287,1.04933221917391,-1.31315362846964,-0.847898063497334,-0.524809474551301,0.749971707960089,0.831202539971835,1.0985184585758,0.813531553850938,-1.33736047437202
"CXCR6",0.0674342801285841,0.928037598552169,-0.950077074276787,-0.0674194147131242,-0.394727961576332,1.51217988593467,-0.862350491944605,-0.989823778798658,1.55624791470467,-0.799500958010596
"TOX2",-0.263330759846656,1.56386653141837,-1.4179907863858,-0.89560531482379,0.128205679383885,1.21728072839778,-0.259545049678035,0.286253238292206,0.810425115235231,-1.1695593819932
"EPHA7",-0.351689614054118,-0.763023996952233,-0.382609719125132,-0.63539206186894,2.35132033777649,-0.122680160534762,-0.561500009545549,-0.642562622266606,-0.100944071089927,1.20908191766078
"PKMYT1",0.819564191299104,-0.157977783748355,0.9453423450296,0.44698976013668,0.832706005378383,-1.65280485110288,-0.400368465748144,-1.06444369309623,-0.994618240107574,1.22561073195942
"GLIS1",-0.642696272197797,-0.205678457381336,-0.841043534781926,0.089806521115606,-0.473210124379513,0.799408574395049,-1.2617673486705,-0.374026090892375,2.16260840829393,0.746598324498872
"RAC3",-0.134951408059742,-1.07998512190156,0.340390908723617,0.284360074238654,1.99509308979198,-0.93606458575519,0.393399518579831,-0.592541717830574,-1.18837830158152,0.918677543794503
"PDCD1",0.376088091278379,1.3799679037017,-1.25236825846735,0.0231452658077046,-0.799719795093282,0.68752285210604,-0.929919975830139,-1.12442756820773,1.45216482707441,0.187546657630257
"SORD",-0.509015235102585,-1.01187656611974,-0.0573212636518171,-0.403462586559646,0.359020932527279,-0.96048671008881,2.34946109530219,0.269807289425827,-0.691151428609054,0.65502447287636
"DIAPH3",0.500052573139374,-0.343041562500713,1.47053685347561,1.16016939257515,0.290704124921499,-1.25335381455743,-0.508222940646233,-1.19417156261926,-1.00381543410518,0.881142370317178
"UBASH3A",0.0420999793907946,1.33477840973463,-1.19242696110724,-0.259019005431016,-0.363488135200425,1.32039794265814,-0.604550817925882,-0.8558050080849,1.42635308926929,-0.848339493303389
"NRTN",-0.481716297963503,-0.871891401178568,1.41893240426353,1.51717996751172,1.00527774717042,-0.718589251276854,0.316177674304972,-0.701054871629112,-1.22824105678625,-0.256074914416361
"TRIM29",1.36186222552409,0.263843642805433,1.12557791250726,1.17372883362996,0.547469698963363,-0.645967013618461,-0.801887306486905,-1.09178082323865,-1.04125217284735,-0.891594997238746
"ANLN",0.986921849859711,-0.194580970186083,1.25916983157526,1.12658575148636,0.00763394973792328,-1.66735083403168,-0.179538699178937,-0.829549141702054,-1.12160242686136,0.612310689300865
"CFB",0.936608853784431,-0.57043552435072,-0.590234064622953,-0.738605102519067,-0.59348774653117,-0.821301111583313,2.17254834691735,0.32869393079619,-0.783358445430067,0.659570863539317
"ZNRF3",0.472821375244284,-1.39409246063732,-0.179547482099843,-0.285110486072276,0.692250445324345,-0.349335206241345,1.14778644189801,-0.454718271506891,-1.33047756002986,1.68042320412091
"ELAVL2",1.64351606593471,0.102285748459759,1.13061241147037,0.792904555389557,-0.206105522644019,-1.27668207458556,-0.896062712391552,-0.902379690141083,-0.906957415188078,0.518868633695897
"PIANP",-0.596567866592276,0.886743705445652,-1.05472550708915,-0.592091984826454,0.768905133080037,1.46279438552289,-0.978912715222521,1.30111457030506,-0.213983008504751,-0.983276712118485
"HOXA2",-1.43238312776466,0.627288231233248,-0.192160470564142,0.10479140362619,-0.249254975439315,1.75852259481835,-0.54853571125213,0.484938099851792,0.877363302040487,-1.43056934654981
"CCER2",1.72945873259248,-0.942002475633028,-0.425215970229375,-0.743716233725523,1.29729015939542,-0.820200421261401,0.356316540394227,-0.484623272657057,-0.897337083589765,0.930030024714025
"RAB33A",0.0707006025585896,1.77839202632392,-0.999665733510563,-0.101321441610994,-0.400020916887712,0.530870976211578,-0.928467604064876,-0.647123486890908,1.54360298955224,-0.846967411681269
"FAM83D",0.838105715632615,-0.359754913332217,1.38957245070757,1.0350583989827,0.00021923566764323,-1.42017426479361,-0.0834597762087852,-0.697066400773582,-1.44883443307635,0.746333987194016
"HLA-DPB2",0.219209655782864,1.51047648951357,-0.774044883551437,-0.259410499353435,-0.372330181424156,1.18590271799484,-1.09334471877741,-0.943446849702143,1.32052314135419,-0.793534871836882
"INSL3",0.372244913702664,1.93006884360589,-0.970306041817503,-0.345339175977496,-0.302595072120263,1.34905537844112,-1.10461164287564,-0.789306899662444,0.32481772575404,-0.464028029050367
"ZNF367",0.967912066849736,-0.0472892377539754,0.810254147651731,0.308206109385758,1.19501928517487,-1.32547694443048,0.0275959277347663,-1.57916900623116,-1.0634463603719,0.70639401199066
"HOOK1",0.315716373427364,-0.964922561388305,0.970004302796614,0.864482181465902,0.696807396460123,-0.929029886571911,0.762190636283245,0.065361900526552,-2.06543908169376,0.284828738694168
"KLHL31",2.10162891275181,-0.91658932503595,0.893288334185151,-0.587087407053426,0.300918688796517,-0.757473615542309,0.0332749026723521,-0.480873549960157,-1.16858169444573,0.581494753631753
"MELK",0.929160701369258,0.0510146805594996,1.26644960856147,0.983085172617516,-0.0147183870551223,-1.40764314717177,-0.682210554969437,-1.36680741854354,-0.659951844053974,0.901621188686105
"CAMK4",-0.061088086430685,1.65634800206327,-1.34480311654685,-0.866682148550059,-0.40173587939314,1.09584937600241,-0.371005053894233,-0.156221703585889,1.24149427465246,-0.792155664317277
"UHRF1",0.881517099368854,0.108328260721587,0.232820947411788,-0.4558796396694,1.19322961141047,-1.75621264149561,-0.116704491178696,-0.635373695829545,-0.924499209471126,1.47277375873168
"MDGA1",-0.132993853817424,0.579776471382483,-0.57291414617826,0.107785513574621,-0.761904720869975,0.877911247236642,-1.74508018959095,-0.646519426629437,1.80299014471163,0.490948960180664
"LSR",1.69131458568075,-0.704882728547165,0.389470698844268,0.466362054220303,0.515442944819353,-1.30854551982543,0.451851586235561,-0.227416951646891,-1.69238560012408,0.418788930343322
"KIF4A",0.97344486039826,-0.0334517739325266,0.711254036461653,0.348402479376972,0.985432877655352,-1.8211716847831,-0.327537254922969,-1.07204831248634,-0.844434844581742,1.08010961681445
"EXPH5",0.392780509721348,-1.83326713903282,0.432176384175567,0.613405657273528,1.55741082935706,-0.468676932192591,0.481065724286047,-0.905844525326906,-0.905386123353367,0.636335615092129
"SAMD3",0.294251380954109,1.48117549571785,-1.13708084708253,-0.567131040593925,-0.901346659141611,1.06523766765345,-0.559454757833506,-0.30626661080021,1.44494501255069,-0.814329641424333
"NAALAD2",-0.828483255022473,0.73245608972353,-1.03645142156325,-0.430262612644683,-0.0399195495175059,2.03425509762278,0.17046362275632,0.211979674127621,0.586121867689529,-1.40015951317187
"C4B",0.987643109411335,0.0926042946300845,-1.19543546225234,-1.38918129640624,-0.10866032835968,-0.728510820478518,1.71834933164137,0.921348703977339,-0.515482242439036,0.217324710275682
"HIF3A",-0.987325083206044,0.528474484265069,-1.3831007808297,-0.56852981208649,1.17989887621259,1.38686235900087,0.312695868130554,0.973645886535105,-0.48912823696207,-0.953493561059886
"MND1",0.621580087353747,0.561671517231234,1.0524237166213,0.392015109527915,0.63653852730385,-1.32452796561858,-0.597195512852206,-1.59998685308297,-0.852989268072016,1.11047064158773
"MAMDC2",-1.33284129171893,-0.318020840444495,-0.851725514162859,-0.63538653261256,1.15496638794838,1.34076164507114,-0.806098659339461,0.841918027698332,1.11535794500857,-0.508931167448123
"FASN",0.407847573759588,-1.27907452390573,0.153123396651325,0.118588797605615,1.01385728196613,-1.18524986473717,1.30918149425835,0.606847495732888,-1.56993812266488,0.424816471333901
"NTNG2",0.352089116213801,1.71151348111844,-1.00782129712216,-0.0637111903699369,-0.764138456970632,1.12413579891053,-1.26252690875471,-0.182877091331266,0.897441163407288,-0.804104615101347
"E2F8",1.18525244157104,0.655632891815717,0.269958006415494,-0.328714114580889,-0.126441470021387,-1.74629282923333,-0.0363748094310377,-0.992563555554995,-0.513930166790914,1.63347360581031
"LOC728392",-0.271198620044032,1.21112255461122,-1.0734173830932,-0.61805744854456,-0.113055718729838,1.55621683400306,-1.10824669595662,-0.201302646513986,1.31673026610971,-0.698791141841752
"FAIM3",0.380047496328402,2.23252302552939,-0.982642497912806,-0.642949556462969,-0.397220944471242,0.520326188805885,-0.709195967111173,-0.527698306962594,0.861667683595185,-0.734857121338067
"L1TD1",-0.108107510508278,0.85082945636704,-0.2439655643768,-0.254905784324329,0.0918631902613754,2.14438485782268,-1.57829612427571,-0.190457479143845,0.25783460665713,-0.969179648479259
"FGD3",-0.0936776981999947,1.42125498376327,-1.30826796640258,-0.497662784197056,-0.790392704932064,1.17766112435499,-0.487366253358769,0.490530756061696,1.1661028183233,-1.07818227541278
"KIFC1",0.906072289471388,0.119826210386686,0.913241354209727,0.445838155904913,0.519294355827429,-1.88901894960479,-0.360839108837928,-1.08375443866955,-0.759223925832803,1.18856405714493
"KCNMA1",-0.805071537963594,-0.11514086582422,-1.32767260951688,0.0170861370575953,-0.332910515343265,1.34448513741486,-0.176585306802293,0.554336396635583,1.82868126420131,-0.987208099859093
"DTL",0.300873730737305,-0.700333361718096,1.00432377011493,0.483553461965022,0.927954050823898,-1.4816305286776,-0.0203581825549515,-0.608893891266412,-1.32105696428183,1.41556791485773
"E2F1",0.825672010102167,-0.439965337118419,1.15203388577631,0.951045818317716,0.689137283812723,-1.5518957761548,0.00310270848432602,-0.507101240030059,-1.59132994053458,0.469300587344615
"CKS1B",1.20624313584841,-0.245637666293454,1.07915152429392,0.839133485124264,0.353649679090792,-1.48676647711748,-0.36006427575364,-1.04224962659046,-1.17309672675679,0.829636948154441
"PARP8",-0.104558250436905,1.0527813314342,-1.49881527760507,-0.679430178229532,-0.911754904790815,1.17531422714826,-0.0643217506060083,0.562667508215831,1.35871125707712,-0.890593962207075
"IGDCC4",-0.188582552786622,0.219910008797582,-0.367012914157819,0.0223441242249928,-0.352783590597171,1.36238864916084,-1.69270492987382,-1.11325013610978,1.53979141690357,0.569899924438225
"ZNF154",-0.530776409312648,1.2800849578557,-1.1185713588375,-0.455554570760243,-0.540981762331794,1.59444716811934,-0.431458491523504,0.782964398409712,0.663475613198541,-1.2436295448176
"CCDC150",0.299200174660891,-0.351975624783059,0.962698910500161,-0.00429052611668531,2.02406051832186,-1.2912289211699,0.314550233302066,-0.951594429423547,-1.04375554056868,0.0423352052768975
"ZWINT",0.964163641508177,0.0999021228118941,1.07799994057123,0.534917784404565,0.15872621634722,-1.81245656672342,-0.0421791806465269,-0.890189226210681,-1.16429185396295,1.07340712190049
"SLFNL1-AS1",0.911789797401175,-1.07418843550668,1.09146502480729,0.165775072345599,1.22723470041629,-1.2575991773636,0.956573898965806,-0.271680044772771,-1.18236037831701,-0.567010457976115
"C4A",0.578739710754701,-0.237240095939173,-0.906735625231206,-1.08016069978739,-0.0510582120114821,-0.678078599059143,1.96703309177705,1.28758003248919,-0.788688440614019,-0.0913911623785207
"ESPL1",0.603073183628251,0.0631991954059864,0.742735287105713,0.125391291223811,-0.0508157521337121,-1.77736944102198,0.242390251036421,-1.04031939275925,-0.712388479172103,1.80410385668687
"ALS2CR11",-0.839537421081266,0.255219987258356,-1.12876226819312,-0.70626637744094,-0.314322836930399,1.52978861232499,-0.735010113701741,1.56652925590491,0.877010148989798,-0.504648987130578
"YPEL4",-0.722869348367125,-0.485314728424624,-1.01029245973157,0.639624267032471,-0.318986657919643,0.807619165172184,-1.28562237282583,0.210617666982551,2.0868121824497,0.0784122856318843
"RHOH",0.560145099790845,1.93383576980291,-1.26103142630997,-0.621510567505564,-0.372808329047437,0.832920363056201,-0.728715578029011,-0.787529632113315,0.888377491845702,-0.443683191490363
"WDR63",-0.907323102706638,0.34340348796949,-1.13127897335778,-0.898839009356695,-0.500487893086002,1.7584802718918,-0.41694755698798,1.0506240831769,1.09417729174769,-0.391808599290794
"LOC100288637",1.04671224533751,-0.308108779323365,1.49566260883468,0.344336058483202,0.241681831779403,-1.1154486317353,-0.676306024453185,-1.48729044901543,-0.600257642309125,1.05901878240161
"CLIC6",-0.441518908535528,-0.258492379826841,-0.978322709044564,-0.557946959739225,-0.226697629859024,0.861626159395471,0.720964538757824,2.14190463786534,-0.0091581982486578,-1.2523585507648
"CAMK1G",-0.814914588305567,-0.168886489379826,-1.08941934036817,-0.773824486089447,-0.114971840152968,2.30102290548041,-0.46443603382202,0.409509672707996,0.893757603491498,-0.177837403561908
"RFTN2",-0.837675832374795,0.629135195169136,-0.925422899348685,-0.269662260876524,-0.945377352603195,1.25929940901943,-0.59121092447922,0.542416900501851,1.83454617097873,-0.696048405986735
"RUNX1T1",-0.114334174701431,0.899468861902233,-1.46601476460468,-0.726064905493298,-0.484306542498036,1.32023456302615,-0.810727326331663,0.203797091492903,1.62128894421148,-0.443341747003658
"SCN7A",-0.740949058663743,-0.606420953284608,-0.829653406406466,-0.507027742293454,1.19643651402022,1.70010305591697,0.214130083927346,1.1938463724651,-0.683817567215772,-0.936647298465586
"IFI6",0.484060983899433,-0.530863773555241,0.0174342676522539,-1.23070671691455,-0.749059465320072,-1.29294538952911,1.5952640319829,1.05968937757693,-0.331773364010485,0.978900048217947
"IGFBP2",-0.612712256330945,-1.06630184708087,-0.0511685090815208,-0.52229461771247,0.628252315426718,-0.513031882503044,2.19916227240501,1.02240877464045,-0.748031351760359,-0.336282898002966
"PVR",0.000536713463807286,-1.43643054972604,0.913969801168273,0.00258112907790108,0.73620390498441,-0.615038619023413,1.78697575522731,-0.676996178236824,-1.15468557002134,0.442883613085908
"ANKRD65",0.732659637823431,1.74459340103028,-0.241837427992972,0.16356356997639,-0.0650716205790726,1.25787860881399,-1.19735530925319,-0.558833153962355,-0.519547219265203,-1.3160504865913
"SHANK1",-0.997377332449176,0.168065126671829,-0.929275629035421,-0.774157251093553,-0.140588795662525,1.70444735597425,-1.03493479496242,0.768389946160894,1.38078693138625,-0.145355556990124
"GINS1",0.943289248280784,0.0269632540987044,0.777650140265713,-0.00936336701169417,0.744200464968587,-1.44790360370812,-0.393049063261461,-1.28144714112363,-0.874576710923694,1.5142367784148
"RASGRP1",-0.405830459472876,1.27720612741388,-0.0906332186943539,0.102290602650523,-1.38247948602763,0.52644672481667,-1.87817971428807,0.788251128110625,0.907739016938802,0.155189278552428
"SLC29A4",-0.853625689518417,-1.62823410216108,0.152678598907992,-0.447273442891044,1.33093246961323,0.25701656090037,0.948064883674454,-0.613941211485335,-0.552257545113508,1.40663947807334
"SH2D4A",0.288538094904537,-1.8018913536092,0.292696954058062,0.352533200446265,0.696179303856218,-0.770518135523482,1.5605621536398,0.182424596572762,-1.29260913769782,0.492084323352863
"AGAP2",0.35473083027261,1.45535051455385,-1.14630412368692,-0.416028440437334,-0.368420437628038,1.31497005746449,-0.914994535637831,-0.680813229962553,1.20644392386293,-0.804934558801206
"CCDC36",-0.756485611039308,-0.377629957303303,-0.493072973570558,0.329430619448184,-1.06728988991454,1.03705226128938,-0.817739778925864,0.859972798304322,1.96273927711023,-0.676976745398535
"ITGA8",0.197142433804629,1.06961562462597,-0.952767090169019,-0.540372546897219,0.79037736692591,1.90600272110302,-1.0585950427156,-0.747648124555586,0.147632570794142,-0.811387912916249
"DNM1P46",0.159146912614976,1.52697449676413,-1.23260630972232,-0.952440973964447,0.110268168289595,0.994056393009403,-0.867880272490004,-0.582738131200811,1.3623581649939,-0.517138448294418
"SLC16A14",0.453087264276077,-0.0705656677338441,0.113105068089102,-0.29192088436615,1.43470174275439,0.0162532554467784,-1.12871486370351,-1.67602671514439,-0.396731919396057,1.54681271977762
"GLT8D2",0.195156358923972,0.379672582539656,-0.640479332600124,0.239773267176024,-0.666405405311461,0.686541961080868,-1.89747530076614,-0.276251340906806,1.93808722149921,0.0413799883648006
"CCNE1",2.14007172426742,0.369846414055354,0.525807516484306,0.260852202872629,0.463011095905873,-0.874320842716612,-0.771030282943274,-1.18778710542304,-0.97581274028453,0.0493620177818783
"DHTKD1",0.600593093220835,-0.860877907083747,0.678863799630081,0.514983765521904,0.492327425063153,-1.17358529420518,1.8564658734461,-0.315547785405012,-1.34302151941122,-0.450201450776914
"POC1A",0.999999691869926,-0.304498592747871,1.04844253195377,0.471891624716414,0.318588939119515,-1.66356343116244,-0.187055310711156,-0.902028628859635,-1.08335844516699,1.30158162098847
"ANXA2R",0.300695370456589,1.71517286181969,-0.32190162308224,0.201748648861811,-1.03600110938664,0.833582885887787,-1.04233956562437,-0.609241824470687,1.11860805735045,-1.16032370181239
"RNF43",0.129803702985427,-0.779303382083585,-0.323694645744007,-0.480062160621016,1.23867031768282,0.00317682656512005,1.51668440525979,1.10638811630521,-1.39792426403103,-1.01373891631873
"BTBD11",-0.353275690917061,1.79637995316416,-1.0539555382053,-0.806143101915364,-0.712242655005337,0.302030594795751,-0.981913331923527,0.503536735342047,1.43350840825559,-0.127925373590957
"CYP51A1",0.582025107411873,-1.06714127460564,1.25849720293902,1.12897997920819,0.879274921363771,-0.936746208685101,0.748807926409472,-0.894332182148894,-1.17291837606083,-0.526447095831841
"PDE1A",-0.857422032299593,0.118120182642529,-1.26235679323274,-0.752073986053156,-0.873461086487562,1.13482943757648,-0.00279266765179929,1.53349230664048,1.26407465508706,-0.302410016221703
"C19orf57",1.36977255248421,-0.673921858117603,0.839930634916733,0.0362549015107806,0.724007410611317,-1.62673370024671,0.46121855634269,-0.0693756520243266,-1.53350890141742,0.472356055940332
"PREX1",-0.545046973368663,0.589984506453425,-1.13908396239682,-0.631511680939813,-1.38522562761374,0.914950967784258,0.0615691882670566,1.62353078085741,1.007885487207,-0.4970526862501
"GPR125",-0.371061210302771,-1.67524127502383,0.856960086262318,0.732075119145331,0.722910192517877,-0.834736019081846,1.64708521015292,-0.251750406771316,-0.886711749695845,0.0604700527971522
"PCED1B",0.604262203907666,1.72805284369116,-0.937088958708239,-0.649829363775103,-0.725659034185375,0.841535222119316,-0.856314693466715,-0.263951897864219,1.1965113082301,-0.937517629948586
"RIPK3",-0.0843335810658211,1.00333911095189,-1.25359485797396,-0.811307395014537,-0.759025973764015,1.37692242158607,-0.148571695331305,0.71492803616224,1.15353499585819,-1.19189106140874
"ZBTB32",1.22297994040652,1.96838533136919,-0.962729762315139,-0.531278235481927,-0.309879725647725,0.101912148895604,-1.04807654634886,-0.77230084340955,0.696800300851361,-0.365812608319471
"PON2",0.0558272149959092,-1.44689913855765,0.888287407307674,0.716418703036223,1.31411148439731,-0.677046348194976,1.27994578057242,-0.753592525296822,-1.05010296205132,-0.326949616208765
"FGF11",-0.141972508691421,1.01726235886517,0.27452285576304,1.57186150048688,-0.297866088967483,0.4920717667807,-1.82488837742907,-0.531646965823388,0.526166314533927,-1.08551085551834
"STRA13",0.180582304342841,-0.615090119374893,0.139832841600094,-0.271408839155092,2.30460323857106,-0.553881375096435,0.70563832033446,-0.915367899447901,-1.21780019339645,0.242891721622322
"NCAPG2",1.07644400983088,-0.0264709277603929,1.06165858523583,0.528224519745597,0.542960059308027,-0.881602579477644,-0.831897819239592,-1.86648957509477,-0.545620081346961,0.942793808799029
"LRCH2",-0.0345139166376778,0.821858639851338,-1.00559809938442,-0.645049664985771,-0.152125717861998,1.32319899241908,-1.62971092396734,0.421459893483305,1.42055575445208,-0.520074957368614
"ABCB6",0.177149837625138,-0.961062961631046,-0.676448469129074,-1.24932147148515,1.65387686825171,-0.830827001729742,1.05712071687812,0.324020618089949,-0.538061397473592,1.04355326060369
"RAI2",-0.3993176905,1.24797318034204,-1.4541091012327,-1.40916997902695,-0.441076213193185,1.0044845017526,0.0252740488689929,0.688460743567387,1.15385870155443,-0.416378192132612
"SCN3A",1.23848269567048,2.09308069104427,-0.875881261175517,-0.442353758132651,-0.165423460648037,0.285435566974845,-1.21479719351121,-0.310111913884891,0.0539006623081234,-0.66233202864542
"LAYN",0.487836862991417,1.63968474951745,-1.32475486832283,-0.626224233669658,-0.0872220597175005,1.03502581134566,-1.44985876898454,0.187862479639398,0.660675594921925,-0.52302556772133
"PAPLN",0.224794792735728,1.59477023478686,-1.63953532400805,-0.610690428392117,0.310218949200315,1.32630940531464,-0.531122524537326,-0.303182921951445,0.537677144304179,-0.909239327452795
"TRAF1",0.231962867300073,1.78472701858201,-0.994429530306592,-0.889259352065946,-0.381626929401163,1.19731406187503,-0.968949394535407,0.148478218911602,0.782337569555001,-0.910554529914599
"MCF2L2",0.284785689409327,2.03405818605092,-0.994970534455688,-0.754327915234984,-0.39260465547605,1.17535127616573,-0.952517864439838,-0.418378241421899,0.559045019814714,-0.540440960412232
"VAV3",-0.134572751439287,1.32704974590285,-0.955261195237838,-0.763343962370565,-1.61366865434365,0.660566673609984,-0.449863954429472,1.13329265957818,1.06196266657619,-0.26616122784639
"ARHGAP11B",0.955719700265177,-0.0837910617796316,1.42229175425303,0.760557304567043,0.224784186084629,-1.1797146916057,-0.84792481774543,-1.4830132203965,-0.623019666297475,0.854110512654859
"LOC399715",-0.527807605157636,-0.0579165878512598,-0.297943723573051,1.49727424485453,-1.59808567160492,-0.460444573880065,-0.173571779749103,1.64883524849739,0.645258899812234,-0.675598451348127
"NR2F1",-0.0143746466423562,1.00827178773974,-1.43277844716094,-1.12882244176064,0.234651536332959,1.08575874629529,0.846890758797159,1.03011142070579,-0.417472270175579,-1.21223644413143
"TIMM8A",1.11814527376859,-0.784177875703978,1.2668399821374,0.684880714743662,0.853126219729198,-0.974262706921615,0.583710528330343,-0.738793659906123,-1.4937859082481,-0.51568256792938
"MYO5A",-0.776279971457253,0.675582743250521,-0.632751584823445,0.0165829375440541,-1.02233530685396,1.15174595990164,-1.18041085907873,0.000956385053734809,1.9356629827281,-0.168753286264659
"SV2A",-0.321208701533022,1.57824980314503,-1.37906808332829,-1.08534404233784,-0.178210402843195,1.00172306774118,-0.873216409840932,0.391610675007646,1.14003825364247,-0.274574159653062
"TYRO3",0.297710096623472,-0.583008510431175,0.784248421932468,0.0549199970595732,1.91708313834867,-0.500962635791481,-0.725871282544015,-1.42121631480753,-0.767258103358397,0.944355192968428
"CBLB",0.129274373210686,1.1772082271078,-0.949505887447214,-0.351549663554553,-1.1832170781433,0.792288240239568,-0.889644741966433,0.940994284238093,1.35278902028972,-1.01863677397436
"DDHD1",-0.483605329626757,0.954028857028013,-1.44046109968376,-1.06525838276961,-0.323300163126207,1.1345140087141,-0.520186502609431,0.779764279477433,1.45970946947328,-0.495205136877063
"CBFA2T3",0.197383025066837,1.51309206711231,-1.66189531715813,-1.36312452491546,-0.246587168617107,0.518616472523874,0.332109391407156,1.18859760235581,-0.0336388945057003,-0.444552653269599
"SLC19A1",0.155396692360627,-1.34913820108191,1.20019162903953,0.722665210389472,1.1399525826504,0.162603630746527,-0.246176335391659,-1.54430367252122,-0.955005109667236,0.713813573475473
"DOK6",0.11388574572328,0.889109504402111,-1.71489551022477,-0.752805229650179,0.190231859899711,1.49070224975299,-0.393504319191966,0.932230002022949,0.371413434060083,-1.1263677367942
"GMNN",1.61101437339571,0.351416652409128,0.528427039513413,-0.0822721570177993,1.2583822855444,-1.15703797555904,-0.275434205253262,-1.38620813928037,-1.02232416161896,0.174036287866773
"COL27A1",-0.337752778233687,-1.59028533174528,-0.0924870454476415,-0.481114657361635,1.73686791415817,-0.39205155889065,0.377793809037626,-0.427741859646717,-0.369402990783761,1.57617449891359
"JADE2",-0.770237679320455,1.10005535409115,-1.17869255279655,-0.705113742009938,-1.13174790348317,0.559471092500703,-0.0616787806956065,1.69411342890801,0.847119685248273,-0.353288902442424
"FAM228B",-0.350723964480836,0.901278159934295,-0.316825878137058,0.283747633065955,-1.05435676463295,1.41150862841011,-0.250424877646695,1.16365293039126,0.0454226841207592,-1.83327855102484
"ISOC2",0.526790608951035,-0.946372524335703,-0.332757587606224,-0.753378482789579,1.36296103056891,-0.543716048869389,1.80680870923206,-0.997795595909179,-0.664433479513809,0.541893370271868
"C1orf112",1.06574712433623,-0.197862351908329,1.23463088499071,0.434835324662448,0.743393276096909,-1.44506032959822,0.0609051602451485,-0.935448196849888,-1.51259195282423,0.55145106084922
"GPR124",-0.526814298439826,0.525258448766702,-1.13426242823877,-0.916914592198587,-1.13506047041017,0.884134701638813,-0.555486002104048,1.44604909358922,1.35892343107993,0.0541721163167335
"NFATC1",0.0867942205179386,1.60507187959758,-1.59998902422082,-1.17135302683021,-0.226608338103651,0.726637782813939,-0.751019906782066,0.187549815906607,1.14263665047463,0.000279946626048532
"ARMC6",0.185848531063085,-1.15765600605758,1.34657870720534,0.154370684891679,0.688034612345321,-1.06624913641065,1.56678222739786,-0.951534454611037,-0.895031410222048,0.128856244398016
"KLHDC1",-0.681989229029511,0.826302228798832,-1.34169053744985,-0.866965985586415,-0.993041737697416,0.5808373553933,0.830674704879054,1.57948658551556,0.661622278517859,-0.595235663341401
"CNN2",-0.0473966621015302,1.24555699099622,0.487709086919907,0.881808166183166,-1.97334426850839,0.228963878122436,-1.31751652398801,0.366131028699261,0.614624961403912,-0.486536657726971
"VIM",-0.819196892252472,0.429495227306849,0.0518060459483799,0.505370164470549,0.268176437178408,1.00014723413299,-1.91840608772181,-0.950660106412798,1.49219483017222,-0.0589268528223104
"ZNF506",0.569917450660156,1.42795363016016,-1.66659490273217,-0.954295949414698,-1.24258375749682,0.663619676941503,0.0505588147848832,0.695615072888649,0.659877114033005,-0.204067149824676
"DENND2A",-2.2070627925694,-0.467056640143721,0.181940602937087,0.727770404802517,-0.448461437175889,1.16407756711682,-0.209682652200957,1.23467415777025,0.345902795368342,-0.322102005905046
"ATP2A3",0.559179560893064,1.76472316918121,-1.48165585747259,-1.21470268208498,-0.655167981210608,0.744121984416278,-0.493417511721721,0.612603785677595,0.461009334397519,-0.296693802075774
"SH3BGRL",-0.881890336048002,0.103247499457242,-0.825147167697084,-0.197984431056653,-1.3377979370244,0.196231663123728,0.275708161552154,2.06327229645291,1.0596761003706,-0.455315849130491
"SNX25",-0.136832731292704,0.82729358533068,-1.32944270358572,-0.535936940682877,-0.19297928029229,0.98374891448674,0.466876131065995,1.71514581319315,-0.418654639384942,-1.37921814883803
"ALDH7A1",-0.668679756164577,-1.25424375923701,1.47875481035204,1.24804599489959,-0.360886585214904,-1.10474033690741,1.1009798502927,0.288635503624199,-0.766644732470377,0.0387790108257494
"TMEM204",-0.798248867094285,0.833972413348623,-0.568577295129806,-0.148900587011161,-1.26503594385859,0.981975685941903,-0.320443706420783,1.85250187807068,0.445046527949119,-1.01229010579571
"CA5B",-0.868896572390617,1.25834293876889,-1.02388114673889,-0.431766277875447,-0.878317421309812,1.17237807637937,-0.744084236356881,0.20107254242789,1.61204479860421,-0.296892701508705
"C11orf63",-0.646771687050791,0.672978218139063,-0.952158255050552,-0.713455451645562,0.037862456302325,1.33826665436937,-1.27912811963151,-0.650652542883357,1.57428490047248,0.618773826978551
"PLEKHH2",-0.990191900222417,0.10173246232896,-0.738976157178879,-0.1272858717998,0.735306499226447,2.28405762635223,-1.23484169848795,0.214358951333293,0.0885112987379418,-0.332671210289815
"CREBRF",-0.452141822484033,0.762907141143699,-1.37936666068757,-0.595519948417212,-0.843575761096174,0.960361558055153,0.418554189829821,1.28403560903053,1.03734878452485,-1.19260308989905
"HLA-L",0.207777889890163,0.837178619739581,-1.26481808234199,-0.74912981881669,-0.692809375702125,0.0580910933337113,-1.0512009159419,0.0153447103289385,2.03488006327368,0.604685816236641
"FCHSD1",-0.0593485065781396,0.681548733239051,-1.83828086597343,-1.25132667716872,-0.228360028376148,0.905456274512029,-0.544354365462464,1.14873186282149,1.03779761307136,0.148135959914973
"MDH2",0.60569145209966,-0.916311746747127,1.29427213174447,1.07829828345696,0.0986237086713416,-1.49625059413434,0.99322409853865,-0.643108205480702,-1.13671340277198,0.122274274623056
"GAS2L3",-0.317362178148093,-1.1339167227765,0.724948793437938,0.348001713201549,1.08795617977556,0.219247873736806,-0.576156890993228,-1.86621759244126,0.134224039879278,1.37927478432794
"WBSCR22",0.931134321447582,-0.374540458861799,1.44176559458645,0.958088542445305,0.663745678319958,-0.962540992988184,-0.727387906428683,-1.52394243212363,-0.792652699470199,0.38633035307321
"CYCS",1.3328079370468,0.290573769534817,0.841124360978705,0.0755253695822362,0.320632462596114,-1.11394593565761,-0.292057290479179,-1.96627344553014,-0.451269406989973,0.962882178918251
"FAM102B",-1.44994322233791,-0.167829393144345,0.224544967291677,1.43401726310032,-1.54886564036477,0.124972195587985,-0.292153141167615,0.405638902407649,1.43861491102817,-0.168996842401171
"CALR",0.722985818286311,-0.670026276516712,0.591350200288378,-0.59756368667462,0.133748076979508,-1.33541910315558,1.09758138884174,-1.09595790260087,-0.530030187489378,1.68333167204122
