pathway,pval,padj,log2err,ES,NES,size,leadingEdge
HALLMARK_ADIPOGENESIS,0.84375,0.907258064516129,0.115734447701689,-0.253607652500389,-0.848611164644544,185,COL4A1|DHCR7|CD151|COL15A1|ELOVL6|PHLDB1|ABCB8|RETSAT|TST|ADIPOR2|GBE1|POR|ADCY6|SOWAHC|REEP6|SLC5A6|GPD2|YWHAG|PPP1R15B|SLC19A1|FZD4|SORBS1|ATP1B3|RAB34|SLC25A10|SDHC|MTCH2|RMDN3|RTN3|NDUFA5|SLC25A1|LAMA4
HALLMARK_ALLOGRAFT_REJECTION,3.34860508154286e-25,1.67430254077143e-23,1.30309315086572,0.850803464589791,2.33998792314217,187,IFNG|CXCL13|CXCL9|SIT1|CD3D|CD8A|TRAT1|GZMB|LCK|CD3G|ITK|CD8B|FASLG|CD3E|CD2|CRTAM|CD96|ZAP70|CD40LG|CXCR3|PRKCB|IL2RG|CCR5|CD7|IL18RAP|CD247|PTPRC|LTB|IL2RB|ITGAL|MAP4K1|HLA-DOA|LY75|HLA-DQA1|STAT4|KLRD1|IL12RB1|CD28|HLA-DMB|HLA-DRA|IL16|GPR65|SRGN|CD74|HLA-DOB|WAS|HLA-DMA|CD40|IRF8|LCP2|CD86|FGR|HCLS1|B2M|STAT1|HLA-E|IL7|JAK2|IL2RA|PSMB10|ST8SIA4|PTPN6|RPS3A|RPL9|HLA-A|LYN|CCND3|CCND2|CD80|CSK|HLA-G|RPS9|CSF1|NCK1|RPL39
HALLMARK_ANDROGEN_RESPONSE,0.416998671978752,0.631816169664775,0.0675188953767744,0.405259467820609,1.0360966054375,94,TNFAIP8|B2M|MAF|PTK2B|RPS6KA3|PIAS1|CCND3|ABCC4|FKBP5|SLC26A2|UBE2J1|NGLY1|IQGAP2|ELK4|DBI
HALLMARK_ANGIOGENESIS,0.0668678776876028,0.196670228492949,0.287805130535564,-0.569524176103405,-1.49063230638929,35,PDGFA|APP|TNFRSF21|TIMP1|JAG2|JAG1|VAV2|ITGAV|STC1|VEGFA
HALLMARK_APICAL_JUNCTION,0.0765953570629292,0.20083161794086,0.287805130535564,-0.370008391221676,-1.23981438415718,183,NRAP|LAMB3|TNFRSF11B|COL17A1|ITGA2|SPEG|CDH1|CTNND1|JUP|ITGA3|PCDH1|TJP1|MPZL1|ITGB4|HRAS|WASL|THBS3|PKD1|ITGA10|CTNNA1|ACTN1|VCL|ADAM9|LAMC2|ACTN4|CLDN9|TUBG1
HALLMARK_APICAL_SURFACE,0.313636363636364,0.522727272727273,0.0894366833718621,0.504468217055688,1.14800304937114,41,IL2RG|IL2RB|MDGA1|CX3CL1|LYN
HALLMARK_APOPTOSIS,0.252747252747253,0.454043440912995,0.0894366833718621,0.42498366940714,1.14805925646061,157,FASLG|CD2|CD69|BIRC3|IRF1|CYLD|TXNIP|CCND2|GCH1|CASP8|ISG20|HMOX1|GPX3|NEFH|CASP4|CFLAR|DPYD|FAS|CASP1|GPX4|PLCB2|FEZ1|ROCK1|GSTM1|DIABLO|BCL10|TNF|IL18|PRF1|BID|CASP3|CASP7|GPX1|PPT1|IFNGR1|CD38|SOD1|SQSTM1|TAP1|HMGB2|GADD45B|BNIP3L
HALLMARK_BILE_ACID_METABOLISM,0.248697916666667,0.454043440912995,0.0940503465727813,0.44469767788738,1.15995422330553,103,LCK|ABCD2|HSD17B11|ACSL5|CAT|PIPOX|CH25H|ALDH1A1|BMP6|SCP2|ACSL1|MLYCD|SOD1|HACL1|SULT1B1|CYP27A1|GSTK1|CYP39A1
HALLMARK_CHOLESTEROL_HOMEOSTASIS,0.00384418845571639,0.01747358388962,0.431707695803346,-0.588089868276922,-1.76974419093448,72,LDLR|DHCR7|SQLE|EBP|CYP51A1|FDPS|MVK|ERRFI1|HMGCS1|LSS|JAG1|CD9|SREBF2|PCYT2|HMGCR|NSDHL|TNFRSF12A|HSD17B7|SEMA3B|TM7SF2|ALCAM|PMVK|CPEB2|TMEM97
HALLMARK_COAGULATION,0.0803326471763441,0.20083161794086,0.287805130535564,-0.384319942292248,-1.24745266787508,129,MMP1|CTSV|ITGA2|PLAT|PRSS23|THBS1|MMP3|TIMP3|PDGFB|TIMP1|PROC|S100A13|MMP15|CRIP2|CD9
HALLMARK_COMPLEMENT,8.88656815877416e-05,0.000511503907724445,0.538434096309916,0.609560929915551,1.68017480069596,192,GZMK|GZMB|LCK|GP1BA|CD40LG|SPOCK2|FCN1|APOBEC3G|PHEX|PLEK|PSMB9|WAS|FYN|CTSH|LCP2|PIK3CG|IRF1|DPP4|JAK2|TNFAIP3|APOBEC3F|DOCK10|PIM1|F8|LYN|RHOG|IRF2|GRB2|USP15|KIF2A|ERAP2|GNG2|LTA4H|GNAI2|CASP4|VCPIP1|PIK3R5|DYRK2|PFN1|ATOX1|CASP1|C1QC|CTSO|LAP3|GCA|C1QA|CD36|ANG|CTSS|AKAP10|SH2B3|USP8|XPNPEP1|CTSC|SERPING1
HALLMARK_DNA_REPAIR,0.978723404255319,0.978723404255319,0.096240602328129,-0.211353021917179,-0.702467148351583,147,SNAPC4|CCNO|ARL6IP1|AK1|DGCR8|ADCY6|ITPA|UMPS|GTF3C5|POLH|PNP|SEC61A1|LIG1|BCAM|POLD1|CANT1|ERCC2|POLR2H|ZWINT|CETN2|NUDT9|RAD52|SRSF6
HALLMARK_E2F_TARGETS,0.235668789808917,0.454043440912995,0.234392647294686,-0.336344429516726,-1.12531382886293,194,WDR90|E2F8|GINS1|MELK|CIT|CDKN1A|PSMC3IP|ILF3|MCM7|DONSON|DIAPH3|UNG|LIG1|POLE|TUBG1|POLD1|CTPS1|TBRG4|NUP205|KIF2C|KIF22|KIF18B|CHEK2|SPAG5|RACGAP1|HMGB3|MXD3|ASF1B|TRIP13|ESPL1|WEE1|RAD21|TCF19|BUB1B|BRCA1|NOP56|CKS1B|CCP110|SMC4|AURKA|TIMELESS|POLD2|NUP107|TOP2A|TK1|CDK1|KIF4A|RNASEH2A|SPC25|DEPDC1|CHEK1|PLK1|DLGAP5|STMN1|CDC25A|PLK4|ATAD2|SNRPB|CDC20|MCM2|MCM4|CDCA8|SUV39H1|CCNB2|CDCA3|NME1|GINS4|SPC24|EZH2|SMC1A|RAD51AP1|POLE4|MKI67|MAD2L1|MYC|KPNA2|UBE2T|POLD3|BIRC5|MYBL2|AURKB|RANBP1|STAG1|ORC6|CSE1L|GSPT1|GINS3|DDX39A|CCNE1|CDKN2A
HALLMARK_EPITHELIAL_MESENCHYMAL_TRANSITION,4.26140476392952e-06,3.55117063660793e-05,0.610526878385931,-0.543651338551685,-1.81738076880848,195,MMP1|COL4A1|TNFRSF11B|COL4A2|PMEPA1|TPM1|ITGA2|RGS4|IGFBP2|ECM1|THBS1|OXTR|INHBA|BDNF|MMP3|TNC|NID2|TPM2|COL5A3|TIMP3|TIMP1|QSOX1|COL7A1|GPC1|SDC4|LOXL2|TAGLN|SLC6A8|MCM7|PLOD3|CAP2|NTM|TNFRSF12A|LAMC2|BGN|TFPI2|CDH2|PVR|CALU|SERPINH1|SNTB1|COMP|ITGA5|SERPINE1|ITGAV|SPOCK1|ITGB5|THY1|VEGFA|MATN3|PLOD2|FSTL3|BMP1|RHOB|COPA
HALLMARK_ESTROGEN_RESPONSE_EARLY,0.00230979819825469,0.0115489909912734,0.431707695803346,-0.447159216926849,-1.49547702049482,192,PDZK1|KCNK15|SYT12|STC2|DHRS2|SLC39A6|RHOD|DHCR7|PRSS23|PODXL|SEC14L2|MAST4|FHL2|PDLIM3|FLNB|KAZN|SLC19A2|FRK|RBBP8|BHLHE40|CELSR2|ZNF185|SLC7A2|TMEM164|XBP1|SLC24A3|KDM4B|FARP1|RRP12|SEMA3B|NAV2|CANT1|ISG20L2|TFAP2C|CELSR1|SLC37A1|RAPGEFL1|P2RY2|IL17RB
HALLMARK_ESTROGEN_RESPONSE_LATE,0.012774890389854,0.0456246085351928,0.380730400722792,-0.417115726347722,-1.39994861029868,190,PDZK1|GAL|ST6GALNAC2|DHRS2|DHCR7|CDH1|PRSS23|PDLIM3|UNC13B|TST|FLNB|HSPA4L|PLXNB1|CD9|FRK|LSR|RBBP8|ST14|CELSR2|STIL|CA2|XBP1|LAMC2|GALE|SLC24A3|UGDH|FARP1|CHST8|EMP2|TFPI2|SEMA3B|LLGL2|IGSF1|TFAP2C|KIF20A|CKB
HALLMARK_FATTY_ACID_METABOLISM,0.933415536374846,0.952464833035557,0.0259033757772498,0.258842897957645,0.695838409317383,144,HSD17B11|ACSL5|PSME1|UBE2L6|SDHD|HMGCL|ERP29|HADHB|CD36|CPT2|IL4I1|ALDH1A1|ACADM|ACAA2|BLVRA|ACSM3|DECR1|MDH1|G0S2|ACSL1|MLYCD|NBN|MGLL|SUCLG2|ODC1|SUCLG1|CD1D|ACADS|CRYZ|ADH1C|MAOA|ELOVL5|HSD17B4|ACSL4|GABARAPL1|UROD|ME1|ECI2|PDHB|RAP1GDS1|SMS|ADSL|ALDH9A1|HCCS|SERINC1|HIBCH
HALLMARK_G2M_CHECKPOINT,0.363057324840764,0.58557633038833,0.186432558434075,-0.303080051954422,-1.01625736415316,189,SQLE|RAD54L|SLC7A1|ODF2|FANCC|ILF3|TNPO2|STIL|CCNF|POLE|CHAF1A|TPX2|SLC12A2|LIG3|TRAIP|KIF2C|CENPF|KIF22|KIF23|TTK|RACGAP1|INCENP|HMGB3|UBE2C|CDC45|RASAL2|EXO1|WRN|ESPL1|TROAP|CENPA|RAD21|POLQ|UCK2|CKS1B|SMC4|AURKA|NEK2|NUMA1|TOP2A|EFNA5|E2F1|CDK1|HNRNPU|KIF4A|PBK|PRC1|CDC6|CHEK1|PLK1|KIF15|STMN1|CDC25A|PLK4|CDC20|MCM2|SUV39H1|CCNB2|EZH2|SMC1A|MKI67|MAD2L1|MEIS1|MYC|PRMT5|KPNA2|EGF|DMD|KIF11|KIF20B|BIRC5|RBM14|MYBL2|BUB1|TFDP1|AURKB|STAG1|ORC6|MNAT1|GSPT1|DDX39A
HALLMARK_GLYCOLYSIS,0.25974025974026,0.454043440912995,0.224966093540314,-0.329379409108354,-1.0992274534219,193,STC2|AGRN|PC|SDC2|PAXIP1|HSPA5|QSOX1|CTH|IER3|SLC25A13|ALDH7A1|GPC1|SRD5A3|HS6ST2|PMM2|COPB2|NSDHL|SPAG4|GALE|CLDN9|GYS1|PKP2|GFPT1|CHST1|ABCB6|HOMER1|GMPPB|NDST3|CHST6|KIF20A|GLCE|KDELR3|EXT1|CHPF|GUSB|STC1|PPP2CB|TPBG|VEGFA|SOX9|PLOD2|SLC37A4|CENPA|SLC25A10|SDHC|GOT1|CASP6|NOL3|FAM162A|B4GALT4|AURKA|ADORA2B|ALG1|AGL|EFNA3|IDUA|CDK1|ARTN|VLDLR|DEPDC1|HK2|B4GALT1|PPFIA4|NDUFV3|BPNT1|FKBP4|CHPF2|SDC1|STMN1|P4HA2
HALLMARK_HEDGEHOG_SIGNALING,0.0782122905027933,0.20083161794086,0.271288554688953,-0.55863599324093,-1.4549579955795,34,CNTFR|TLE1|L1CAM|PTCH1|CELSR1|THY1|VEGFA|OPHN1|HEY1|HEY2|NKX6-1|VLDLR|SLIT1|NRCAM|NRP1|MYH9|NF1|SCG2|ETS2
HALLMARK_HEME_METABOLISM,0.626794258373206,0.803582382529751,0.0435378240914002,0.334262428630673,0.914545355648723,180,CLIC2|KEL|KAT2B|UCP2|CCDC28A|CCND3|MPP1|USP15|CAT|LMO2|NR3C1|RBM38|LPIN2|KDM7A|SDCBP|CIR1|EPB41|GYPC|RIOK3|TCEA1|ARL2BP|MFHAS1|FECH|YPEL5|BMP2K|BLVRA|SEC14L1|TSPAN5|XPO7|NCOA4|KHNYN|ACKR1|BNIP3L|TMCC2|FBXO7|GDE1|ADD2|BACH1|C3|UROD|HEBP1|FOXO3|SIDT2|PICALM|TNRC6B|MXI1|RNF19A|SLC25A38
HALLMARK_HYPOXIA,0.781472684085511,0.885984023238925,0.0329431471724691,0.3004603955535,0.824693656943366,185,BTG1|RORA|CHST2|TNFAIP3|PDK3|PIM1|PNRC1|CCNG2|IDS|SLC2A3|AMPD3|RBPJ|ISG20|HMOX1|NR3C1|GLRX|ETS1|ZNF292|PLAC8|NAGK|RRAGD|CXCR4|ATP7A|PDK1|SDC3|XPNPEP1
HALLMARK_IL2_STAT5_SIGNALING,4.98148347915577e-08,6.22685434894471e-07,0.719512826338911,0.709730390495649,1.95130991544932,190,CTLA4|ICOS|CST7|EOMES|CD48|CCR4|FGL2|RHOH|LTB|IL2RB|SELL|TNFRSF9|IL10RA|GBP4|TNFRSF1B|GPR65|FLT3LG|CD79B|ABCB1|IRF8|CD86|TRAF1|PRKCH|PTGER2|IL2RA|DHRS3|RORA|CDC42SE2|GALM|PIM1|BATF|CCND3|SCN9A|CCND2|SLC2A3|GLIPR2|NCOA3|IL18R1
HALLMARK_IL6_JAK_STAT3_SIGNALING,9.20707033904002e-05,0.000511503907724445,0.538434096309916,0.724104616993871,1.81901215143305,84,CXCL13|CXCL9|IL2RG|EBI3|LTB|IL12RB1|TNFRSF1B|IRF1|STAT1|IL7|IL2RA|CSF2RA|PIM1|CSF2RB|GRB2|IL18R1|CSF1|HMOX1|IL17RA|SOCS1|PIK3R5|TGFB1|IL10RB|MYD88|CBL|FAS|IFNGR2|CD36|IRF9|IL1R2|BAK1|TNF|IL15RA|IFNAR1|PTPN2|ITGA4
HALLMARK_INFLAMMATORY_RESPONSE,3.23844889212738e-09,5.39741482021231e-08,0.774939030136436,0.712512508166621,1.96394733102085,192,CXCL9|CXCR6|LCK|SLAMF1|GP1BA|CD48|CCL17|CD69|EBI3|IL18RAP|IL2RB|LTA|SELL|TNFRSF9|IL10RA|CCR7|GPR183|TNFRSF1B|GPR132|IL7R|RGS1|CD40|LCP2|CD70|IRF1|PTGER4|PTGER2|CHST2|SEMA4D|CX3CL1|CD82|RNF144B|LYN|RHOG|LPAR1|NOD2|IL18R1|GCH1|CSF1
HALLMARK_INTERFERON_ALPHA_RESPONSE,2.30180893167718e-05,0.000164414923691227,0.575610261071129,0.739918119918784,1.90064756107388,95,SELL|PSMB9|GBP4|CD74|B2M|IRF1|IL7|TXNIP|EPSTI1|SP110|IRF2|LPAR6|TRAFD1|SAMD9|PSME1|PSMB8|SAMD9L|UBE2L6|UBA7|CASP8|CSF1|ISG20|RTP4|TRIM14|TRIM21|ELF1|OGFR|OASL|NUB1|CASP1|DDX60|HLA-C|LAP3|PSME2|PARP14|GBP2|TMEM140|NMI|LAMP3|IRF9|PSMA3
HALLMARK_INTERFERON_GAMMA_RESPONSE,1.22236394837988e-15,3.0559098709497e-14,1.01754479730988,0.787008682431652,2.17689311101603,198,CXCL9|KLRK1|GPR18|CD69|FGL2|IL2RB|HLA-DQA1|STAT4|IL10RA|PSMB9|BANK1|GBP4|ST3GAL5|CD74|CIITA|HLA-DMA|CD40|VAMP5|IRF8|LCP2|BTG1|CD86|ITGB7|B2M|IRF1|STAT1|IL7|JAK2|PSMB10|ST8SIA4|TXNIP|PTPN6|NLRC5|TNFAIP3|LYSMD2|EPSTI1|PIM1|HLA-A|HLA-B|EIF4E3|IRF5|IL18BP|SP110|CSF2RB|IRF2|TRAFD1|NCOA3|HLA-G|HLA-DRB1|PSME1|PSMB8|SAMD9L|UBE2L6|RAPGEF6|GCH1|CASP8|ISG20|VCAM1|SAMHD1|RTP4|TRIM14|NFKBIA|TRIM21|CASP4|SOCS1|ZBP1|MYD88|OGFR|OASL|CMKLR1|FAS|CASP1|PELI1|DDX60|LAP3|CD274|PSME2
HALLMARK_KRAS_SIGNALING_DN,0.0539877300613497,0.171551668832189,0.213927855492356,0.503220049598554,1.35510714309426,154,TCL1A|IFNG|PDCD1|GP1BA|CD40LG|TENM2|PTPRJ|CHST2|SNN|PDE6B|CD80
HALLMARK_KRAS_SIGNALING_UP,0.0064169174748445,0.0267371561451854,0.407017918923954,0.55408558336524,1.52073297294121,184,IL2RG|MAP4K1|IKZF1|CD37|IL10RA|PDCD1LG2|LCP1|TNFRSF1B|IL7R|ABCB1|IRF8|BIRC3|RELN|LAPTM5|DOCK2|TRAF1|EPB41L3|TNFAIP3|CSF2RA|TMEM176A|F13A1|LAT2|CCND2|LY96|PSMB8|ACE|GLRX|NIN|MAFB|MTMR10|ETS1|CMKLR1|CBL|CCSER2|TMEM176B|USP12|ID2|GYPC|CXCR4|CTSS|TLR8|NAP1L2|CLEC4A
HALLMARK_MITOTIC_SPINDLE,0.401315789473684,0.627055921052632,0.179782316298324,-0.298884558888231,-0.999362896063384,198,SHROOM1|CYTH2|BCAR1|PCNT|CTTN|FLNB|CEP250|CENPJ|PDLIM5|CEP72|KIF3C|ARHGEF11|WASL|PLEKHG2|ECT2|CDC42EP2|KPTN|CDC42EP1|VCL|ARAP3|ARFIP2|ACTN4|FARP1|TBCD|TPX2|PALLD|ANLN|CDC42BPA|CEP131|BCR|KIF2C|CENPF|CNTROB|KIF22|KIF23|TTK|RACGAP1|INCENP|RASAL2|EZR|NET1|CDK5RAP2|DLG1|RHOT2|CKAP5|ESPL1|ALS2|RAPGEF5|KNTC1|OPHN1|NEDD9|ARL8A|SMC4|AURKA|NEK2|TRIO|NUMA1|TOP2A|ATG4B|CDK1|KIF4A|SYNPO|PRC1|HDAC6|ALMS1
HALLMARK_MTORC1_SIGNALING,0.870967741935484,0.907258064516129,0.115734447701689,-0.249362190440181,-0.833596861144966,195,LDLR|DHCR7|SQLE|EBP|CYP51A1|ELOVL6|HSPA5|HMGCS1|CTH|ADIPOR2|CDKN1A|CD9|GBE1|ACACA|BHLHE40|HMGCR|UNG|RPN1|PNP|XBP1|CCNF|TUBG1|POLR3G|FDXR|ACSL3|TM7SF2|NUP205|PIK3R3|PDAP1|TMEM97|SERPINH1|ASNS|STC1|UCHL5|SCD|PLOD2|DHCR24|ARPC5L|SLC37A4|CALR|GMPS|GOT1
HALLMARK_MYC_TARGETS_V1,0.544811320754717,0.736231514533401,0.0492917662312669,0.348301911608966,0.962268947861283,193,RPL34|RPL6|RPL14|EEF1B2|RPS3|RPS6|RPS2|UBE2E1|RPL18|RPLP0|NAP1L1|HDDC2|EIF3D|PCBP1|PRPS2|RPL22|SNRPB2|RPS5|PSMA4|STARD7|PRDX3|CNBP|RAN|PSMD7|PSMA6|PTGES3|SSB|PSMB3|SNRPD2|ODC1|USP1|TCP1|C1QBP|SF3A1|HNRNPA1|PSMA1|PSMA7|CUL1|TXNL4A|DUT|SLC25A3|SRSF7|KPNB1|DEK|MRPS18B|G3BP1|HNRNPC|UBE2L3|DDX18|RSL1D1
HALLMARK_MYC_TARGETS_V2,0.186666666666667,0.405797101449275,0.188204146308491,-0.424236997869799,-1.22306882766125,58,UNG|RRP12|PRMT3|PPRC1|SLC29A2|IPO4|TBRG4|RABEPK|TMEM97|CBX3|AIMP2|MAP3K6|SLC19A1|BYSL|NOP2|NOP56|TCOF1|GNL3|TFB2M|HK2|PLK1|SORD|MRTO4|PLK4|RCL1|MCM4|GRWD1|NOP16|MYC
HALLMARK_MYOGENESIS,3.06714447646072e-06,3.06714447646073e-05,0.627256739718528,-0.557200120938687,-1.86423483343351,194,CKM|TNNI2|STC2|CDH13|COL4A2|PTP4A3|SPEG|AGRN|PC|ATP2A1|DMPK|PDLIM7|FDPS|TPM2|APP|COL15A1|SH3BGR|BDKRB2|HBEGF|SPHK1|PSEN2|TEAD4|CDKN1A|SMTN|PICK1|IGFBP7|AK1|TAGLN|SLC6A8|ITGB4|BHLHE40
HALLMARK_NOTCH_SIGNALING,0.455801104972376,0.633057090239411,0.102821842840815,-0.380442222443709,-0.980538313375991,32,NOTCH3|PSEN2|JAG1|KAT2A|HEYL|FZD1|PPARD|APH1A
HALLMARK_OXIDATIVE_PHOSPHORYLATION,0.784780023781213,0.885984023238925,0.0327971189467838,0.299315000184239,0.821494375131638,184,ISCU|COX4I1|SLC25A6|NDUFS4|ALAS1|SDHD|COX7A2L|SLC25A11|SLC25A20|HADHA|NDUFV2|GPX4|UQCRC2|HADHB|OXA1L|ACADM|UQCRB|ACAA2|COX15|SDHB|ATP6V1C1|PRDX3|ATP6V1F|ETFA|CASP7|DECR1|MDH1|ATP6V0E1|LDHB|RHOT1|NDUFB8|SUCLG1|IMMT|UQCR11|COX7C|COX10|MTRF1|FDX1|SLC25A3|COX11|PDHB|COX6A1|MTRR|HCCS|MPC1|NDUFA2|ATP6V1H|PHB2|COX5A|UQCRH|TIMM8B|COX5B|IDH2|SLC25A5|UQCR10|MRPL11|LRPPRC|COX7B|PDK4|MRPS11
HALLMARK_P53_PATHWAY,0.791139240506329,0.885984023238925,0.120985142145252,-0.257900115454898,-0.865579707071444,190,CDH13|PLK2|PDGFA|APP|HBEGF|JAG2|EPHA2|SPHK1|RAD9A|RETSAT|IER3|CDKN1A|HSPA4L|BLCAP|SLC19A2|EPS8L2|ABCC5|AK1|PTPN14|PIDD1|ITGB4|HRAS|ST14|CSRNP2|POLH|HEXIM1|SEC61A1|RAB40C|FDXR|CDKN2B
HALLMARK_PANCREAS_BETA_CELLS,0.201550387596899,0.419896640826873,0.118287526124085,0.591596570559046,1.27520597957924,27,DPP4|FOXO1|LMO2|MAFB|SEC11A|AKT3
HALLMARK_PEROXISOME,0.434895833333333,0.633057090239411,0.0645031249656493,0.392424520006888,1.02268041368801,102,ABCD2|ABCB1|HSD17B11|DHRS3|ACSL5|CAT|HMGCL|PEX2|STS|BCL10|ALDH1A1|CNBP|VPS4B|SCP2|ACSL1|MLYCD|SOD1|GSTK1|ITGB1BP1|ELOVL5|ABCB4|HSD17B4|ACSL4|ECI2|PRDX1|SLC23A2|SOD2|ALDH9A1|ATXN1|EPHX2|ESR2
HALLMARK_PI3K_AKT_MTOR_SIGNALING,0.00729861409696376,0.0280715926806299,0.407017918923954,0.616170553700871,1.60248302753702,100,LCK|FASLG|PRKCB|IL2RG|CAMK4|SLA|VAV3|RPS6KA3|GRB2|IRAK4|ARPC3|ACTR2|DAPP1|CAB39|NCK1|RPS6KA1|ACTR3|MYD88|PIKFYVE|PFN1|UBE2D3|TBK1|CXCR4
HALLMARK_PROTEIN_SECRETION,0.574098798397864,0.755393155786663,0.0525898950623616,0.365976186512006,0.933563940393588,93,RPS6KA3|SNAP23|SNX2|RAB9A|STX7|VAMP7|AP1G1|AP3B1|ATP7A|SGMS1|CTSC|CLTC|CLN5|VPS4B|PPT1|RAB5A|SOD1|M6PR|BNIP3|STX12|USO1|VAMP4|ATP6V1H|SSPN|GOSR2|MAPK1|LAMP2|ADAM10|STAM|SEC24D|CLTA|ANP32E|TMX1|GALC|GLA|BET1|AP3S1|IGF2R|VAMP3|RAB2A|CLCN3|AP2B1|ABCA1|NAPG
HALLMARK_REACTIVE_OXYGEN_SPECIES_PATHWAY,0.183431952662722,0.405797101449275,0.121543282035469,0.548037713283872,1.27191225796864,46,IPCEF1|CAT|FES|GPX3|GLRX|MBP|ATOX1|LSP1|GPX4|HHEX|FTL|PDLIM1|SOD1|G6PD|HMOX2|PFKP|MSRA|PRDX1|PRNP|SOD2
HALLMARK_SPERMATOGENESIS,0.797385620915033,0.885984023238925,0.0365314928349125,0.309374856665278,0.799643916910988,97,GFI1|CAMK4|LPIN1|ACRBP|ACE|NEFH
HALLMARK_TGF_BETA_SIGNALING,0.0548965340263003,0.171551668832189,0.321775918075361,-0.509417628440999,-1.44957415798488,54,PMEPA1|CDH1|THBS1|LTBP2|SKIL|TJP1|BMPR1A|WWTR1
HALLMARK_TNFA_SIGNALING_VIA_NFKB,0.263345195729537,0.454043440912995,0.0855356947987884,0.409594871165532,1.13018003659356,196,CD69|BCL2A1|PLEK|TNFRSF9|GPR183|IL7R|TNFAIP8|BTG1|BIRC3|IRF1|PTGER4|TRAF1|TNFAIP3|PNRC1|DUSP2|SNN|SLC2A3|CD80|STAT5A|GCH1|CSF1|TANK|NFKBIA|LITAF|CFLAR|TNFSF9|IFNGR2|TNIP1|ID2|EGR2
HALLMARK_UNFOLDED_PROTEIN_RESPONSE,0.695067264573991,0.847643005578038,0.106729884364606,-0.290071182592004,-0.89204986647604,105,STC2|PDIA5|HSPA5|ARFGAP1|XBP1|TUBB2A|BAG3|CHAC1|KDELR3|SRPRB|ASNS|EIF4G1|FKBP14|VEGFA|CALR|ALDH18A1|NOP56|CKS1B|HYOU1|NFYA|DDX10
HALLMARK_UV_RESPONSE_DN,0.860321384425216,0.907258064516129,0.0302041948644786,0.28549844048685,0.766597556463995,138,CELF2|KCNMA1|FYN|PIK3CD|ADD3|TGFBR2|LPAR1|GRK5
HALLMARK_UV_RESPONSE_UP,0.450777202072539,0.633057090239411,0.148261500475107,-0.305671224139495,-1.02044368515248,150,GAL|CTSV|NR4A1|IGFBP2|PDLIM3|CYB5R1|SIGMAR1|TST|HYAL2|SLC6A8|BSG|PRPF3|CA2|RPN1|TYRO3|HSPA2
HALLMARK_WNT_BETA_CATENIN_SIGNALING,0.131964809384164,0.314201927105153,0.211400189384923,-0.49747294646529,-1.33826274101532,40,NOTCH4|JAG2|CSNK1E|PSEN2|JAG1|PTCH1|KAT2A|NCSTN|WNT5B|FZD1|PPARD|AXIN1|HEY1|HEY2
HALLMARK_XENOBIOTIC_METABOLISM,0.677018633540373,0.846273291925466,0.130777137971974,-0.27008926351841,-0.902713282543077,184,HGFAC|TGFB2|JUP|ARG2|PC|BCAR1|BPHL|SMOX|ASL|EPHA2|ACOX3|RETSAT|PDLIM5|POR|PTGR1|NFS1|LCAT|CA2|SLC12A4|ENTPD5|UGDH
